song_id,difficulty,true_avg_nps,peak_nps,strums_per_sec
100000years,397,0.0,0.0,0.0
10000hours,139,0.0,0.0,0.0
100baddays,202,0.0,0.0,0.0
10s,343,0.0,0.0,0.0
13stepstonowhere,382,0.0,0.0,0.0
16candles,225,0.0,0.0,0.0
2112full,407,0.0,0.0,0.0
2112pt1,308,0.0,0.0,0.0
2112pt2,399,0.0,0.0,0.0
2112pt3,407,0.0,0.0,0.0
21guns,121,0.0,0.0,0.0
21her,199,0.0,0.0,0.0
21stcentdigiboy,208,0.0,0.0,0.0
2minutestomidnight,387,0.0,0.0,0.0
3am,225,0.0,0.0,0.0
3dimesdown,204,0.0,0.0,0.0
3sand7s,250,0.0,0.0,0.0
5minutesalone,370,0.0,0.0,0.0
7things,212,0.0,0.0,0.0
abc,100,0.0,0.0,0.0
abcdefu,142,0.0,0.0,0.0
aboutagirl,225,0.0,0.0,0.0
absolutely,310,0.0,0.0,0.0
accordingtoyou,406,0.0,0.0,0.0
aceshigh_live,398,0.0,0.0,0.0
acleanshot,135,0.0,0.0,0.0
aclockworkexpectation,380,0.0,0.0,0.0
action,350,0.0,0.0,0.0
adamssong,144,0.0,0.0,0.0
adaylikethis,145,0.0,0.0,0.0
addicted,176,0.0,0.0,0.0
addisonrae,195,0.0,0.0,0.0
adecadeundertheinfluence,215,0.0,0.0,0.0
adioslepido,304,0.0,0.0,0.0
adolescents,272,0.0,0.0,0.0
adoreyou2,221,0.0,0.0,0.0
adventureofalifetime,319,0.0,0.0,0.0
aerials,260,0.0,0.0,0.0
aestheticsofhate,352,0.0,0.0,0.0
afavorhouseatlantic,249,0.0,0.0,0.0
africa,261,0.0,0.0,0.0
africa2,230,0.0,0.0,0.0
afterlife,353,0.0,0.0,0.0
again,232,0.0,0.0,0.0
agirllikeyou,318,0.0,0.0,0.0
aintitfun,258,0.0,0.0,0.0
aintnoking,181,0.0,0.0,0.0
aintnotelling,306,0.0,0.0,0.0
ainttalkinboutlove,228,0.0,0.0,0.0
airplanes,130,0.0,0.0,0.0
alittlebitbetter,200,0.0,0.0,0.0
alittlebitoff,144,0.0,0.0,0.0
alittlerespect,220,0.0,0.0,0.0
alittlewild,144,0.0,0.0,0.0
alive2,182,0.0,0.0,0.0
alivelive,337,0.0,0.0,0.0
alivepod,193,0.0,0.0,0.0
alivewiththeglory,270,0.0,0.0,0.0
allaboutthatbass,102,0.0,0.0,0.0
allalongthewatchtower,330,0.0,0.0,0.0
allamericangirl,178,0.0,0.0,0.0
allapologies,215,0.0,0.0,0.0
alldownhillfromhere,227,0.0,0.0,0.0
allforyou,261,0.0,0.0,0.0
allgoingouttogether,187,0.0,0.0,0.0
alligator,230,0.0,0.0,0.0
allireallywannado,170,0.0,0.0,0.0
alliwannado,226,0.0,0.0,0.0
alliwant,294,0.0,0.0,0.0
allmixedup,165,0.0,0.0,0.0
allmyfavoritesongs2,176,0.0,0.0,0.0
allmylife,212,0.0,0.0,0.0
allofthis,357,0.0,0.0,0.0
alloveragain,250,0.0,0.0,0.0
allrightnow,155,0.0,0.0,0.0
allstar,172,0.0,0.0,0.0
allthatshewants,135,0.0,0.0,0.0
alltheragebackhome,173,0.0,0.0,0.0
allthesethingsthativedone,133,0.0,0.0,0.0
allthesmallthings,150,0.0,0.0,0.0
allthethingsthatgo,210,0.0,0.0,0.0
allthewaystay,228,0.0,0.0,0.0
allyouwanted,184,0.0,0.0,0.0
alone,207,0.0,0.0,0.0
aloneinmyhead,192,0.0,0.0,0.0
alookinginview,198,0.0,0.0,0.0
alotlikeme,184,0.0,0.0,0.0
alright,152,0.0,0.0,0.0
alright2,152,0.0,0.0,0.0
always,226,0.0,0.0,0.0
alwayssomethingthere,91,0.0,0.0,0.0
amaranth,179,0.0,0.0,0.0
amazingjourney,135,0.0,0.0,0.0
amber,212,0.0,0.0,0.0
america,266,0.0,0.0,0.0
americangirl,410,0.0,0.0,0.0
americanmusic,259,0.0,0.0,0.0
americanpie,305,0.0,0.0,0.0
amicrazy,230,0.0,0.0,0.0
amongstthewaves,238,0.0,0.0,0.0
amongtheliving,380,0.0,0.0,0.0
andjusticeforall,400,0.0,0.0,0.0
andres,172,0.0,0.0,0.0
andshewas,202,0.0,0.0,0.0
andsoitwent,267,0.0,0.0,0.0
andthecradlewillrock,280,0.0,0.0,0.0
angel2,256,0.0,0.0,0.0
angel3,270,0.0,0.0,0.0
angelofdeath,540,0.0,0.0,0.0
angelsanddemons,141,0.0,0.0,0.0
angryyoungman,260,0.0,0.0,0.0
animal,135,0.0,0.0,0.0
animalihavebecome,164,0.0,0.0,0.0
animallive2,218,0.0,0.0,0.0
animals,223,0.0,0.0,0.0
animals2,215,0.0,0.0,0.0
anotheronebitesthedust,191,0.0,0.0,0.0
anotherwaytodie,362,0.0,0.0,0.0
anthempart2,224,0.0,0.0,0.0
antisocialist,181,0.0,0.0,0.0
antsmarching,261,0.0,0.0,0.0
anymanofmine,252,0.0,0.0,0.0
anythingwasbetter,240,0.0,0.0,0.0
aok,245,0.0,0.0,0.0
apacherosepeacock,240,0.0,0.0,0.0
appetiterbn,247,0.0,0.0,0.0
applause,148,0.0,0.0,0.0
areyoudeadyet,349,0.0,0.0,0.0
areyouexperienced,287,0.0,0.0,0.0
areyougonnagomyway,289,0.0,0.0,0.0
ashestofire,156,0.0,0.0,0.0
askyfullofstars,210,0.0,0.0,0.0
astronautmaskedwolf,1,0.0,0.0,0.0
astronautourlastnight,333,0.0,0.0,0.0
asylum,315,0.0,0.0,0.0
athingaboutyou,265,0.0,0.0,0.0
atoutlemonde,257,0.0,0.0,0.0
attack,150,0.0,0.0,0.0
attention,240,0.0,0.0,0.0
audienceofone,265,0.0,0.0,0.0
awake,242,0.0,0.0,0.0
awarriorscall,254,0.0,0.0,0.0
away,237,0.0,0.0,0.0
awfulbeautifullife,305,0.0,0.0,0.0
awfulbeautifullife2,305,0.0,0.0,0.0
awhitershadeofpale,3,0.0,0.0,0.0
awomaninlovelive,272,0.0,0.0,0.0
ayo,199,0.0,0.0,0.0
babaoriley,215,0.0,0.0,0.0
babycomeback,260,0.0,0.0,0.0
backfoot,240,0.0,0.0,0.0
backfromthedead,386,0.0,0.0,0.0
backinblack_live,280,0.0,0.0,0.0
backinthesaddle,268,0.0,0.0,0.0
backtobetter,240,0.0,0.0,0.0
backtome,264,0.0,0.0,0.0
backtotheshack,221,0.0,0.0,0.0
backwoods,181,0.0,0.0,0.0
backwoods2,181,0.0,0.0,0.0
backwoodsco,215,0.0,0.0,0.0
badcatholics,250,0.0,0.0,0.0
baddecisions,240,0.0,0.0,0.0
badguy,33,0.0,0.0,0.0
badidea,230,0.0,0.0,0.0
badluck,163,0.0,0.0,0.0
badmedicine,356,0.0,0.0,0.0
badmoonrising,242,0.0,0.0,0.0
badomen,418,0.0,0.0,0.0
badromance,170,0.0,0.0,0.0
badthings,260,0.0,0.0,0.0
badtothebone,257,0.0,0.0,0.0
bakerstreet,245,0.0,0.0,0.0
bandages,160,0.0,0.0,0.0
bandontherun,247,0.0,0.0,0.0
bandontherunlive,249,0.0,0.0,0.0
bang,176,0.0,0.0,0.0
bangagong,250,0.0,0.0,0.0
bangbang,225,0.0,0.0,0.0
bangyourhead,271,0.0,0.0,0.0
barkatthemoon,423,0.0,0.0,0.0
barracuda,263,0.0,0.0,0.0
batcountry,415,0.0,0.0,0.0
bathcounty,165,0.0,0.0,0.0
bathwater,142,0.0,0.0,0.0
beatitondowntheline,329,0.0,0.0,0.0
beatsports,295,0.0,0.0,0.0
beautiful,151,0.0,0.0,0.0
beautifuldisaster,233,0.0,0.0,0.0
beautifulthieves,256,0.0,0.0,0.0
beerformyhorses,242,0.0,0.0,0.0
beethovensc,260,0.0,0.0,0.0
beetlebum,130,0.0,0.0,0.0
beforehecheats,232,0.0,0.0,0.0
behindblueeyes,240,0.0,0.0,0.0
believe,245,0.0,0.0,0.0
benddownlow,172,0.0,0.0,0.0
bent,195,0.0,0.0,0.0
bestdayever,177,0.0,0.0,0.0
bestofme,182,0.0,0.0,0.0
bestofyou,257,0.0,0.0,0.0
bestsongever,385,0.0,0.0,0.0
better,321,0.0,0.0,0.0
bettertogether,225,0.0,0.0,0.0
beverlyhills,202,0.0,0.0,0.0
bicyclerace,208,0.0,0.0,0.0
bigbangbaby,331,0.0,0.0,0.0
bigbottom,158,0.0,0.0,0.0
bigempty,180,0.0,0.0,0.0
bigrig,275,0.0,0.0,0.0
bigshot,210,0.0,0.0,0.0
billionaire,173,0.0,0.0,0.0
billiondollarlive,404,0.0,0.0,0.0
bitch,242,0.0,0.0,0.0
bizarrelovetriangle,279,0.0,0.0,0.0
black,244,0.0,0.0,0.0
blackearth,250,0.0,0.0,0.0
blackened,490,0.0,0.0,0.0
blackfriday,5,0.0,0.0,0.0
blackmagic,488,0.0,0.0,0.0
blackmagicwoman,280,0.0,0.0,0.0
blackseas,274,0.0,0.0,0.0
blacksummer,230,0.0,0.0,0.0
blacksunshine,256,0.0,0.0,0.0
blameitonmyyouth,210,0.0,0.0,0.0
blazeofglory,276,0.0,0.0,0.0
bleedamerican,234,0.0,0.0,0.0
blew,245,0.0,0.0,0.0
blindedbyfear,378,0.0,0.0,0.0
blindinglights,233,0.0,0.0,0.0
blindleadingtheblind,387,0.0,0.0,0.0
blisterinthesun,280,0.0,0.0,0.0
bloodandthunder,340,0.0,0.0,0.0
bloodforthebloodgod,415,0.0,0.0,0.0
bloodhands,280,0.0,0.0,0.0
bloodonmyhands,321,0.0,0.0,0.0
bloodstone,343,0.0,0.0,0.0
bloodsugarsexmagik,255,0.0,0.0,0.0
bloodyvalentine,143,0.0,0.0,0.0
blownaway,210,0.0,0.0,0.0
blowuptheoutsideworld,210,0.0,0.0,0.0
bluebayou,148,0.0,0.0,0.0
bluechristmas,292,0.0,0.0,0.0
bluecollarman,331,0.0,0.0,0.0
bluejean,235,0.0,0.0,0.0
bluejeans,310,0.0,0.0,0.0
bluemonday,125,0.0,0.0,0.0
bluemonday2,225,0.0,0.0,0.0
bluemorningblueday,212,0.0,0.0,0.0
blueonblack,306,0.0,0.0,0.0
bluesky,402,0.0,0.0,0.0
bluespark,190,0.0,0.0,0.0
blurry,299,0.0,0.0,0.0
bodyioccupy,139,0.0,0.0,0.0
bodylikeabackroad,160,0.0,0.0,0.0
bodylikethat,218,0.0,0.0,0.0
bodytalks,242,0.0,0.0,0.0
boldaslove,397,0.0,0.0,0.0
bombsaway,200,0.0,0.0,0.0
bombtrack,222,0.0,0.0,0.0
bonnie,210,0.0,0.0,0.0
boom,203,0.0,0.0,0.0
boredtodeath,165,0.0,0.0,0.0
bornagaintomorrow,245,0.0,0.0,0.0
bornintheheat,260,0.0,0.0,0.0
bornonthebayou,230,0.0,0.0,0.0
bornthisway,265,0.0,0.0,0.0
borntoquit,329,0.0,0.0,0.0
bounce,140,0.0,0.0,0.0
boyfriend,135,0.0,0.0,0.0
boysarebackintown,333,0.0,0.0,0.0
brandnewcadillac,234,0.0,0.0,0.0
brandyyoureafinegirl,265,0.0,0.0,0.0
brassic,255,0.0,0.0,0.0
brassinpocket,170,0.0,0.0,0.0
breakdownlive,193,0.0,0.0,0.0
breakfastattiffanys,235,0.0,0.0,0.0
breaking,195,0.0,0.0,0.0
breakingthegirl,245,0.0,0.0,0.0
breakingthehabit,223,0.0,0.0,0.0
breakingthelawlive,285,0.0,0.0,0.0
breakinup,297,0.0,0.0,0.0
breakmyheart,256,0.0,0.0,0.0
breath,203,0.0,0.0,0.0
breed,317,0.0,0.0,0.0
brickbyboringbrick,184,0.0,0.0,0.0
brickhouse,260,0.0,0.0,0.0
bringinontheheartbreak,180,0.0,0.0,0.0
bringmetolife,213,0.0,0.0,0.0
bringthanoize,263,0.0,0.0,0.0
broken,201,0.0,0.0,0.0
broken2,201,0.0,0.0,0.0
broken3,245,0.0,0.0,0.0
brother,308,0.0,0.0,0.0
brutal,180,0.0,0.0,0.0
buddyholly,160,0.0,0.0,0.0
buffalosoldier,149,0.0,0.0,0.0
buildabridge,265,0.0,0.0,0.0
bulletproof,359,0.0,0.0,0.0
bulletsandguns,150,0.0,0.0,0.0
bullsonparade,153,0.0,0.0,0.0
bully,275,0.0,0.0,0.0
burdeninmyhand,252,0.0,0.0,0.0
burn,190,0.0,0.0,0.0
burn2,270,0.0,0.0,0.0
burninandlootin2,162,0.0,0.0,0.0
burninforyou,327,0.0,0.0,0.0
burningdownthehouse,210,0.0,0.0,0.0
burninitdown,165,0.0,0.0,0.0
burnitdown,126,0.0,0.0,0.0
burnittotheground,356,0.0,0.0,0.0
burnrz,285,0.0,0.0,0.0
burnyoudown,204,0.0,0.0,0.0
burymealive,196,0.0,0.0,0.0
burymetonight,225,0.0,0.0,0.0
byebyelove,160,0.0,0.0,0.0
byob,370,0.0,0.0,0.0
bytheway,223,0.0,0.0,0.0
cakebytheocean,200,0.0,0.0,0.0
california,228,0.0,0.0,0.0
californiadreamin,350,0.0,0.0,0.0
californiauberalles,236,0.0,0.0,0.0
californication,199,0.0,0.0,0.0
callingdrlove,260,0.0,0.0,0.0
callme,160,0.0,0.0,0.0
callmecrazy,180,0.0,0.0,0.0
callmemaybe,228,0.0,0.0,0.0
callmewhenyouresober,216,0.0,0.0,0.0
cameraeye,268,0.0,0.0,0.0
caniplaywithmadness,384,0.0,0.0,0.0
cannedheat,330,0.0,0.0,0.0
cannonball,375,0.0,0.0,0.0
cantbetamed,432,0.0,0.0,0.0
cantgetenough,285,0.0,0.0,0.0
cantgetenoughofyoubaby,183,0.0,0.0,0.0
cantholdus,143,0.0,0.0,0.0
cantletgo_lucinda,211,0.0,0.0,0.0
cantstandlosingyou,150,0.0,0.0,0.0
cantstoprockin,399,0.0,0.0,0.0
capitalg,148,0.0,0.0,0.0
capricididiablo,530,0.0,0.0,0.0
captainjack,255,0.0,0.0,0.0
caravan,290,0.0,0.0,0.0
caseyjones,312,0.0,0.0,0.0
castlesmadeofsand,330,0.0,0.0,0.0
catcherintherye,303,0.0,0.0,0.0
catsinthecradle,245,0.0,0.0,0.0
caution,221,0.0,0.0,0.0
celebration,262,0.0,0.0,0.0
centurycitylive,260,0.0,0.0,0.0
chaiselongue,80,0.0,0.0,0.0
champagnesupernova,253,0.0,0.0,0.0
champion,77,0.0,0.0,0.0
championoftheworld,139,0.0,0.0,0.0
chandelier,134,0.0,0.0,0.0
change,244,0.0,0.0,0.0
charlene,181,0.0,0.0,0.0
cheapthrills,115,0.0,0.0,0.0
checkmybrain,179,0.0,0.0,0.0
cheerleader,187,0.0,0.0,0.0
cheeseburgerinparadise,145,0.0,0.0,0.0
chelseadagger,210,0.0,0.0,0.0
cherrybomb,190,0.0,0.0,0.0
cherrypie,331,0.0,0.0,0.0
cherrywaves,192,0.0,0.0,0.0
chestfeverlive,281,0.0,0.0,0.0
chickenfried,280,0.0,0.0,0.0
childintime,433,0.0,0.0,0.0
childrenoftherevolution,142,0.0,0.0,0.0
chinacatsunflower,320,0.0,0.0,0.0
chinesedemocracy,380,0.0,0.0,0.0
chiron,378,0.0,0.0,0.0
christiansinferno,219,0.0,0.0,0.0
christmasisthetime,195,0.0,0.0,0.0
churchbells,245,0.0,0.0,0.0
circles,243,0.0,0.0,0.0
circles3,270,0.0,0.0,0.0
cirice,233,0.0,0.0,0.0
citiesindust,265,0.0,0.0,0.0
cityofangels,35,0.0,0.0,0.0
cityofthedead,200,0.0,0.0,0.0
clampdown,232,0.0,0.0,0.0
classlessact,415,0.0,0.0,0.0
claudette,200,0.0,0.0,0.0
clinteastwood,346,0.0,0.0,0.0
clocks,176,0.0,0.0,0.0
closer,130,0.0,0.0,0.0
closer2,198,0.0,0.0,0.0
closertotheedge,168,0.0,0.0,0.0
closertotheheart,230,0.0,0.0,0.0
cloudsovercalifornia,339,0.0,0.0,0.0
clubfoot,139,0.0,0.0,0.0
cmoncmon,229,0.0,0.0,0.0
cocoon,181,0.0,0.0,0.0
coffinnails,186,0.0,0.0,0.0
cold,226,0.0,0.0,0.0
coldheart,178,0.0,0.0,0.0
coldrainandsnow,208,0.0,0.0,0.0
collector,180,0.0,0.0,0.0
colors,335,0.0,0.0,0.0
comeandgetyourlove,147,0.0,0.0,0.0
comeandgo,141,0.0,0.0,0.0
comeasyouarelive,205,0.0,0.0,0.0
comedown,206,0.0,0.0,0.0
comeoneileen,360,0.0,0.0,0.0
comeoneileen2,241,0.0,0.0,0.0
comforteagle,139,0.0,0.0,0.0
cominginfromthecold,159,0.0,0.0,0.0
completecontrol,290,0.0,0.0,0.0
connection,150,0.0,0.0,0.0
conquerall,393,0.0,0.0,0.0
constantmotion,405,0.0,0.0,0.0
control,180,0.0,0.0,0.0
control2,215,0.0,0.0,0.0
cosmicdancer,170,0.0,0.0,0.0
cosmicthrill,275,0.0,0.0,0.0
couldyoubeloved,290,0.0,0.0,0.0
countdowntoinsanity,220,0.0,0.0,0.0
countingstars,233,0.0,0.0,0.0
cowboycasanova,217,0.0,0.0,0.0
cowboysong_live,350,0.0,0.0,0.0
crackerman,240,0.0,0.0,0.0
crackityjones,230,0.0,0.0,0.0
cradles,142,0.0,0.0,0.0
crashintome,260,0.0,0.0,0.0
crawl,326,0.0,0.0,0.0
crawling2,180,0.0,0.0,0.0
crawlingbacktoyou,178,0.0,0.0,0.0
crawlinginthedark,335,0.0,0.0,0.0
crazy,252,0.0,0.0,0.0
crazybabies,341,0.0,0.0,0.0
crazylittlething,250,0.0,0.0,0.0
crazytown,282,0.0,0.0,0.0
crazytown2,282,0.0,0.0,0.0
crazytuesday,161,0.0,0.0,0.0
creamandbastards,176,0.0,0.0,0.0
creepinupthebackstairs,268,0.0,0.0,0.0
creepstp,158,0.0,0.0,0.0
crippledinside,238,0.0,0.0,0.0
criticalacclaim,290,0.0,0.0,0.0
crosses,240,0.0,0.0,0.0
crosseyedandpainless,160,0.0,0.0,0.0
crossfire,345,0.0,0.0,0.0
crowandthebutterfly,260,0.0,0.0,0.0
crush,240,0.0,0.0,0.0
crushcrushcrush,205,0.0,0.0,0.0
crycrycry,310,0.0,0.0,0.0
cryin,242,0.0,0.0,0.0
crylonely,138,0.0,0.0,0.0
crythunder,413,0.0,0.0,0.0
cultofpersonality,425,0.0,0.0,0.0
cumberlandblues,346,0.0,0.0,0.0
cumbersome,155,0.0,0.0,0.0
cupsandcakes,108,0.0,0.0,0.0
curloftheburl,235,0.0,0.0,0.0
cutewithoutthee,270,0.0,0.0,0.0
cuzurnext,444,0.0,0.0,0.0
dameaire2,420,0.0,0.0,0.0
dammit,266,0.0,0.0,0.0
damnationgame,498,0.0,0.0,0.0
dancedance,267,0.0,0.0,0.0
danceepidemic,240,0.0,0.0,0.0
dancethenightaway,176,0.0,0.0,0.0
dangerous,210,0.0,0.0,0.0
darlingdear,246,0.0,0.0,0.0
databasecorrupted,137,0.0,0.0,0.0
datewiththenight,235,0.0,0.0,0.0
dawnpatrol,0,0.0,0.0,0.0
daysgoby,250,0.0,0.0,0.0
daysgoby2,215,0.0,0.0,0.0
dead,230,0.0,0.0,0.0
deadandbloated,195,0.0,0.0,0.0
deadinside,420,0.0,0.0,0.0
deadleavesdirtyground,221,0.0,0.0,0.0
deadmemories,301,0.0,0.0,0.0
dearestimsosorry,346,0.0,0.0,0.0
dearmariacount,221,0.0,0.0,0.0
deathbyrockandroll,338,0.0,0.0,0.0
deathontwolegs,265,0.0,0.0,0.0
deathorglory,230,0.0,0.0,0.0
debaser,230,0.0,0.0,0.0
decentdaysandnights,239,0.0,0.0,0.0
deep,280,0.0,0.0,0.0
deletemyself2,200,0.0,0.0,0.0
desire,235,0.0,0.0,0.0
desperatetimes,307,0.0,0.0,0.0
deuce,389,0.0,0.0,0.0
devilonmyshoulder,176,0.0,0.0,0.0
devilschild,245,0.0,0.0,0.0
devilshaircut,142,0.0,0.0,0.0
devilsisland,450,0.0,0.0,0.0
devilsradio,225,0.0,0.0,0.0
devour,197,0.0,0.0,0.0
dialtone,165,0.0,0.0,0.0
diamondeyes,330,0.0,0.0,0.0
diaryofamadman,225,0.0,0.0,0.0
diaryofjane,192,0.0,0.0,0.0
die4u,244,0.0,0.0,0.0
dieallright,230,0.0,0.0,0.0
dieouthere,150,0.0,0.0,0.0
differentcolors,170,0.0,0.0,0.0
differentpeople,302,0.0,0.0,0.0
digginmedown,337,0.0,0.0,0.0
dirtroadanthem,200,0.0,0.0,0.0
dirtydeeds_live,401,0.0,0.0,0.0
dirtylittlesecret,150,0.0,0.0,0.0
dirtypool,403,0.0,0.0,0.0
dismoi,200,0.0,0.0,0.0
disposableteens,172,0.0,0.0,0.0
dissidentaggressor_live,297,0.0,0.0,0.0
distance,330,0.0,0.0,0.0
distracted,170,0.0,0.0,0.0
divide,328,0.0,0.0,0.0
doa,355,0.0,0.0,0.0
doa_foos,208,0.0,0.0,0.0
dockofthebay,163,0.0,0.0,0.0
dogdaysareover,253,0.0,0.0,0.0
dointhatrag,229,0.0,0.0,0.0
doll,115,0.0,0.0,0.0
dollydagger,372,0.0,0.0,0.0
donotdisturb,277,0.0,0.0,0.0
dontchastop,210,0.0,0.0,0.0
dontdomelikethat,218,0.0,0.0,0.0
donteasemein,250,0.0,0.0,0.0
dontfeellikethatrbn,247,0.0,0.0,0.0
dontfencemein,240,0.0,0.0,0.0
dontgoawaymad,259,0.0,0.0,0.0
dontknowwhatyougot,218,0.0,0.0,0.0
dontlethergo,300,0.0,0.0,0.0
dontletthesungodownonme,209,0.0,0.0,0.0
dontlookbackinanger,230,0.0,0.0,0.0
dontmakemewait,254,0.0,0.0,0.0
dontspeak,240,0.0,0.0,0.0
dontstartnow,221,0.0,0.0,0.0
dontstop,164,0.0,0.0,0.0
dontstop2,219,0.0,0.0,0.0
dontstopbelieving,253,0.0,0.0,0.0
dontstopmenow,230,0.0,0.0,0.0
donttakeyourguns,258,0.0,0.0,0.0
donttalktostrangers,189,0.0,0.0,0.0
donttellme,246,0.0,0.0,0.0
donttellmeyouloveme,414,0.0,0.0,0.0
dontwannafight,189,0.0,0.0,0.0
dontyouevah,148,0.0,0.0,0.0
dontyouforgetaboutme,273,0.0,0.0,0.0
dontyouwantme,215,0.0,0.0,0.0
dopenose,275,0.0,0.0,0.0
down,164,0.0,0.0,0.0
down2,250,0.0,0.0,0.0
down3,255,0.0,0.0,0.0
downatthewhiskey,240,0.0,0.0,0.0
downfall,280,0.0,0.0,0.0
downinahole,184,0.0,0.0,0.0
downonthecorner,231,0.0,0.0,0.0
downtothedevil,275,0.0,0.0,0.0
downunder,218,0.0,0.0,0.0
doyoubelieveinlove,230,0.0,0.0,0.0
doyoufeellikewedo,385,0.0,0.0,0.0
doyoureallywanttohurtme,172,0.0,0.0,0.0
doyourworst,272,0.0,0.0,0.0
doyouwantto,182,0.0,0.0,0.0
dragmedown,149,0.0,0.0,0.0
dragthewaters,374,0.0,0.0,0.0
dragula,226,0.0,0.0,0.0
draintheblood,216,0.0,0.0,0.0
dreambaby,295,0.0,0.0,0.0
dreamin,159,0.0,0.0,0.0
dreaming,225,0.0,0.0,0.0
dreamingoflove,253,0.0,0.0,0.0
dreamonlive,214,0.0,0.0,0.0
dreampolice,209,0.0,0.0,0.0
dreams,203,0.0,0.0,0.0
dreams2,248,0.0,0.0,0.0
dreams3,180,0.0,0.0,0.0
drfeelgood,276,0.0,0.0,0.0
driveincu,245,0.0,0.0,0.0
driver8,208,0.0,0.0,0.0
dropitlikeitshot,299,0.0,0.0,0.0
dropsofjupiter,213,0.0,0.0,0.0
drown,199,0.0,0.0,0.0
drunk,318,0.0,0.0,0.0
duality,316,0.0,0.0,0.0
dunebuggy,302,0.0,0.0,0.0
dystopia,488,0.0,0.0,0.0
earthisablackhole,230,0.0,0.0,0.0
eastjesusnowhere,290,0.0,0.0,0.0
eatmealivelive,418,0.0,0.0,0.0
edgeof17,225,0.0,0.0,0.0
electriccrown,335,0.0,0.0,0.0
electriclove,360,0.0,0.0,0.0
elscorcho,130,0.0,0.0,0.0
embedded,430,0.0,0.0,0.0
eminencefront,266,0.0,0.0,0.0
empireofthegun,415,0.0,0.0,0.0
employeeofthemonth,196,0.0,0.0,0.0
emptywalls,271,0.0,0.0,0.0
enditonthis,249,0.0,0.0,0.0
endoftheworld,240,0.0,0.0,0.0
endtransmission,199,0.0,0.0,0.0
enjoythesilence,145,0.0,0.0,0.0
enoughspace,275,0.0,0.0,0.0
entangled,225,0.0,0.0,0.0
estella,199,0.0,0.0,0.0
euphoria,260,0.0,0.0,0.0
evenflow,325,0.0,0.0,0.0
eventhelosers,250,0.0,0.0,0.0
everfalleninlove,200,0.0,0.0,0.0
everybodysfool,261,0.0,0.0,0.0
everybodytalks,230,0.0,0.0,0.0
everybodywantsyou,241,0.0,0.0,0.0
everybreathyoutake,246,0.0,0.0,0.0
everymorning,149,0.0,0.0,0.0
everyrosehasitsthorn,230,0.0,0.0,0.0
everyteardrop,295,0.0,0.0,0.0
everythingyouwant,245,0.0,0.0,0.0
everythingzen,223,0.0,0.0,0.0
excusememr,305,0.0,0.0,0.0
exgirlfriend,231,0.0,0.0,0.0
exodus,215,0.0,0.0,0.0
exsandohs,188,0.0,0.0,0.0
facedown,230,0.0,0.0,0.0
facedowninthedirt,175,0.0,0.0,0.0
facetothefloor,251,0.0,0.0,0.0
fafafafafa,160,0.0,0.0,0.0
fakefriends,302,0.0,0.0,0.0
fallapart,201,0.0,0.0,0.0
falling2,176,0.0,0.0,0.0
fallingawayfromme,195,0.0,0.0,0.0
fame,239,0.0,0.0,0.0
famouslastwords,287,0.0,0.0,0.0
fancy,191,0.0,0.0,0.0
fantasma2,320,0.0,0.0,0.0
faraway,155,0.0,0.0,0.0
fartoonear,221,0.0,0.0,0.0
fascination,330,0.0,0.0,0.0
fatalillusion,413,0.0,0.0,0.0
fatbottomedgirls,251,0.0,0.0,0.0
fatherofall,190,0.0,0.0,0.0
fatlip,230,0.0,0.0,0.0
fcpremix,450,0.0,0.0,0.0
fearofthedarklive,423,0.0,0.0,0.0
featherpluckn,216,0.0,0.0,0.0
februarystars,122,0.0,0.0,0.0
feedmyfrankenstein,375,0.0,0.0,0.0
feedthetree,242,0.0,0.0,0.0
feelgooddrag,322,0.0,0.0,0.0
feelgoodinc,204,0.0,0.0,0.0
feelingthis,171,0.0,0.0,0.0
feelinstronger,228,0.0,0.0,0.0
feelinvincible,260,0.0,0.0,0.0
feelitstill,180,0.0,0.0,0.0
feelslikethefirsttime,350,0.0,0.0,0.0
fellinlovewithagirl,222,0.0,0.0,0.0
fellonblackdays,269,0.0,0.0,0.0
fever,290,0.0,0.0,0.0
fightforyourright,177,0.0,0.0,0.0
figuredyouout,249,0.0,0.0,0.0
figureitout,330,0.0,0.0,0.0
fijatebien,306,0.0,0.0,0.0
fireandice,240,0.0,0.0,0.0
fireflies,115,0.0,0.0,0.0
fireitup,267,0.0,0.0,0.0
firelive,429,0.0,0.0,0.0
fireohio,345,0.0,0.0,0.0
fireonthemountain,212,0.0,0.0,0.0
fireyourguns_live,320,0.0,0.0,0.0
first,130,0.0,0.0,0.0
firstdate,166,0.0,0.0,0.0
fivefeethighandrising,143,0.0,0.0,0.0
fivemagics,431,0.0,0.0,0.0
fixyou,190,0.0,0.0,0.0
flagpolesitta,130,0.0,0.0,0.0
flathead,254,0.0,0.0,0.0
flavoroftheweak,230,0.0,0.0,0.0
flightoficarus,415,0.0,0.0,0.0
float,200,0.0,0.0,0.0
floods,334,0.0,0.0,0.0
flowerpeople,136,0.0,0.0,0.0
flybynight,262,0.0,0.0,0.0
flyinghighagain,421,0.0,0.0,0.0
flyonthewall,190,0.0,0.0,0.0
followmedown,190,0.0,0.0,0.0
followyou,139,0.0,0.0,0.0
folsomprisonblues,271,0.0,0.0,0.0
footloose,279,0.0,0.0,0.0
forceofnature,241,0.0,0.0,0.0
forever,395,0.0,0.0,0.0
forever2,165,0.0,0.0,0.0
forgetabouttomorrow,225,0.0,0.0,0.0
forthoseabouttorock_live,340,0.0,0.0,0.0
fortunateson,200,0.0,0.0,0.0
fortunateson2,249,0.0,0.0,0.0
forwhatitsworth,199,0.0,0.0,0.0
foundoutaboutyou,245,0.0,0.0,0.0
fourhorsemen,215,0.0,0.0,0.0
foxeylady,322,0.0,0.0,0.0
frankenstein,265,0.0,0.0,0.0
franklinstower,289,0.0,0.0,0.0
freakonaleash,173,0.0,0.0,0.0
freaks,150,0.0,0.0,0.0
freakshowrbn,247,0.0,0.0,0.0
freeandeasy,346,0.0,0.0,0.0
freedom,328,0.0,0.0,0.0
freedomtrain,242,0.0,0.0,0.0
freeride,327,0.0,0.0,0.0
freewill,417,0.0,0.0,0.0
freezeframe,170,0.0,0.0,0.0
fromoutofnowhere2,265,0.0,0.0,0.0
funhouse,218,0.0,0.0,0.0
funk49,285,0.0,0.0,0.0
funkymonks,256,0.0,0.0,0.0
funkysexfarm,239,0.0,0.0,0.0
futureblind,170,0.0,0.0,0.0
futureperfecttense,273,0.0,0.0,0.0
futures,218,0.0,0.0,0.0
garden,345,0.0,0.0,0.0
gasoline,264,0.0,0.0,0.0
gaybar,244,0.0,0.0,0.0
gepetto,240,0.0,0.0,0.0
geraldine,123,0.0,0.0,0.0
getiton,277,0.0,0.0,0.0
getout,197,0.0,0.0,0.0
getready2rokk,410,0.0,0.0,0.0
getthepartystarted,196,0.0,0.0,0.0
getup,135,0.0,0.0,0.0
getyourrockon,134,0.0,0.0,0.0
ghostofperdition,406,0.0,0.0,0.0
giddyonup,362,0.0,0.0,0.0
giddyonup2,362,0.0,0.0,0.0
gimmesomemoney,215,0.0,0.0,0.0
gimmesometruth,221,0.0,0.0,0.0
gimmethreesteps,329,0.0,0.0,0.0
girlfriendisbetter,242,0.0,0.0,0.0
girlscoutcookies,342,0.0,0.0,0.0
girlsjustwanttohavefun,263,0.0,0.0,0.0
girlslikeyou,251,0.0,0.0,0.0
girlsmakemewannadie,250,0.0,0.0,0.0
girlsonfilm,162,0.0,0.0,0.0
girlswhoplayguitars,235,0.0,0.0,0.0
girluwant,130,0.0,0.0,0.0
girlyouhavenofaith,263,0.0,0.0,0.0
giveittome,209,0.0,0.0,0.0
givenup,225,0.0,0.0,0.0
givesyouhell,181,0.0,0.0,0.0
giveyourselfatry,155,0.0,0.0,0.0
glasshouse,368,0.0,0.0,0.0
gloria,275,0.0,0.0,0.0
gloryoflove,202,0.0,0.0,0.0
glycerine2,139,0.0,0.0,0.0
goddamn,413,0.0,0.0,0.0
godzilla,332,0.0,0.0,0.0
goinghometoaparty,275,0.0,0.0,0.0
goingmobile,290,0.0,0.0,0.0
goingunderground,270,0.0,0.0,0.0
goldcobra,202,0.0,0.0,0.0
golddustwoman,250,0.0,0.0,0.0
golden,142,0.0,0.0,0.0
goldontheceiling,232,0.0,0.0,0.0
gone,293,0.0,0.0,0.0
goneaway,130,0.0,0.0,0.0
gone_mg,131,0.0,0.0,0.0
gonnaseemyfriend,234,0.0,0.0,0.0
gonzo,173,0.0,0.0,0.0
goodbyegoodluck,180,0.0,0.0,0.0
goodbyeyellowbrickroad,230,0.0,0.0,0.0
goodgirl,237,0.0,0.0,0.0
goodmorningblackfriday,410,0.0,0.0,0.0
goodthingsfallapart,239,0.0,0.0,0.0
goodtime,288,0.0,0.0,0.0
goodtimesroll,145,0.0,0.0,0.0
googoomuck,155,0.0,0.0,0.0
gotasdeaguadulce,206,0.0,0.0,0.0
gotnuffin,249,0.0,0.0,0.0
gotsome,191,0.0,0.0,0.0
gotyoursix,326,0.0,0.0,0.0
gotyouwhereiwantyou,190,0.0,0.0,0.0
gougeaway,140,0.0,0.0,0.0
graffiti,255,0.0,0.0,0.0
grandcanyon,142,0.0,0.0,0.0
greatestofalltime,275,0.0,0.0,0.0
greenriver,241,0.0,0.0,0.0
grenade,98,0.0,0.0,0.0
grind,309,0.0,0.0,0.0
grinderlive,323,0.0,0.0,0.0
grooveisintheheart,142,0.0,0.0,0.0
guerrillaradio,216,0.0,0.0,0.0
gunpowderandlead,320,0.0,0.0,0.0
gunsofsummer,447,0.0,0.0,0.0
gypsyeyes,405,0.0,0.0,0.0
hadadad,376,0.0,0.0,0.0
hairofthedog,173,0.0,0.0,0.0
hallowedbethyname,468,0.0,0.0,0.0
hammerhead,260,0.0,0.0,0.0
hammersmashedface,428,0.0,0.0,0.0
hammertofall,250,0.0,0.0,0.0
handclap,149,0.0,0.0,0.0
handlebars,191,0.0,0.0,0.0
handmedownworld,204,0.0,0.0,0.0
handsdown,220,0.0,0.0,0.0
hangar18,422,0.0,0.0,0.0
hangingbyamoment,179,0.0,0.0,0.0
hangingonthetelephone,230,0.0,0.0,0.0
hangyoufromtheheavens,118,0.0,0.0,0.0
hanukkahblessings,231,0.0,0.0,0.0
happy,275,0.0,0.0,0.0
happy2,153,0.0,0.0,0.0
happynow,259,0.0,0.0,0.0
happysong,209,0.0,0.0,0.0
happyxmas,150,0.0,0.0,0.0
hardrockhallelujah,240,0.0,0.0,0.0
hardtimes,240,0.0,0.0,0.0
hardtohandle,275,0.0,0.0,0.0
harmonyhall,285,0.0,0.0,0.0
hashpipe,265,0.0,0.0,0.0
hateful,258,0.0,0.0,0.0
hatemyself,260,0.0,0.0,0.0
haveaniceday,251,0.0,0.0,0.0
haveyoueverseen,115,0.0,0.0,0.0
haypocorockandroll,332,0.0,0.0,0.0
hazyshadeofwinter,190,0.0,0.0,0.0
headknocker,155,0.0,0.0,0.0
headlikeahole,205,0.0,0.0,0.0
headoverfeet,189,0.0,0.0,0.0
headoverheels,185,0.0,0.0,0.0
headphoneson,176,0.0,0.0,0.0
headsweat,150,0.0,0.0,0.0
heartbeatsong,170,0.0,0.0,0.0
heartbreaker,296,0.0,0.0,0.0
heartbreaker2,265,0.0,0.0,0.0
heartbreakofthecentury,285,0.0,0.0,0.0
heartkiller,196,0.0,0.0,0.0
heartofthesunrise,348,0.0,0.0,0.0
heartshapedbox,208,0.0,0.0,0.0
heatabove,245,0.0,0.0,0.0
heatofthemoment,229,0.0,0.0,0.0
heatseeker_live,265,0.0,0.0,0.0
heatwaves,267,0.0,0.0,0.0
heavenbesideyou,260,0.0,0.0,0.0
heavenknows,188,0.0,0.0,0.0
heavyduty,284,0.0,0.0,0.0
helena,245,0.0,0.0,0.0
helenabeat,177,0.0,0.0,0.0
helenwheels,280,0.0,0.0,0.0
hellagood,183,0.0,0.0,0.0
hellaintabadplace_live,152,0.0,0.0,0.0
hellhole,310,0.0,0.0,0.0
hellinabucket,255,0.0,0.0,0.0
hellionelectriceye,342,0.0,0.0,0.0
helloiloveyou,175,0.0,0.0,0.0
hellontheheart,156,0.0,0.0,0.0
hellsbells_live,278,0.0,0.0,0.0
helpimalive,100,0.0,0.0,0.0
helpisontheway,281,0.0,0.0,0.0
henrietta,232,0.0,0.0,0.0
hereandnow,230,0.0,0.0,0.0
herecomesmygirl,280,0.0,0.0,0.0
herecomesyourman,140,0.0,0.0,0.0
herestothenight,155,0.0,0.0,0.0
herewearejuggernaut,305,0.0,0.0,0.0
herewithoutyou,228,0.0,0.0,0.0
heroes,200,0.0,0.0,0.0
hesarocker,179,0.0,0.0,0.0
hey,140,0.0,0.0,0.0
heybaby,206,0.0,0.0,0.0
heydude,328,0.0,0.0,0.0
heyjealousy,240,0.0,0.0,0.0
heyjoelive,300,0.0,0.0,0.0
heyjohnnypark,234,0.0,0.0,0.0
heyjohnwhatsyournameagain,268,0.0,0.0,0.0
heyyou,181,0.0,0.0,0.0
hierkommtalex,343,0.0,0.0,0.0
higherground,285,0.0,0.0,0.0
highermendes,141,0.0,0.0,0.0
highhopes,208,0.0,0.0,0.0
highsociety,185,0.0,0.0,0.0
highvoltage_live,391,0.0,0.0,0.0
highwaychile,315,0.0,0.0,0.0
highwaytohell_live,319,0.0,0.0,0.0
highwaytooblivion,590,0.0,0.0,0.0
hillbillydeluxe,319,0.0,0.0,0.0
historyofviolence,145,0.0,0.0,0.0
hitcharide,282,0.0,0.0,0.0
hitmewithyourbestshot,251,0.0,0.0,0.0
hockeytheme,150,0.0,0.0,0.0
holdinmeback,179,0.0,0.0,0.0
holdmyhand,201,0.0,0.0,0.0
holdon,214,0.0,0.0,0.0
holdonloosely,401,0.0,0.0,0.0
holeintheearth,241,0.0,0.0,0.0
holidayincambodia,292,0.0,0.0,0.0
holydiver,354,0.0,0.0,0.0
holywars,419,0.0,0.0,0.0
homegrown,186,0.0,0.0,0.0
homesick,170,0.0,0.0,0.0
honeyimgood,196,0.0,0.0,0.0
hongkonggarden,276,0.0,0.0,0.0
hook,425,0.0,0.0,0.0
hotblooded,285,0.0,0.0,0.0
hotelkey,260,0.0,0.0,0.0
hotforteacher,436,0.0,0.0,0.0
houndsoflove,252,0.0,0.0,0.0
houseparty,260,0.0,0.0,0.0
how,145,0.0,0.0,0.0
howdoyoulikemenow,258,0.0,0.0,0.0
howdoyousleep,230,0.0,0.0,0.0
howfarwevecome,181,0.0,0.0,0.0
howlinforyou,176,0.0,0.0,0.0
howyouremindme,180,0.0,0.0,0.0
huckleberrycrumble,261,0.0,0.0,0.0
hungerstrike,224,0.0,0.0,0.0
hungrywolf,251,0.0,0.0,0.0
hurricane,262,0.0,0.0,0.0
hurt,25,0.0,0.0,0.0
hymn43,275,0.0,0.0,0.0
hymnfortheweekend,254,0.0,0.0,0.0
hypnotize,251,0.0,0.0,0.0
hysteria,350,0.0,0.0,0.0
iaintsuperstitious,390,0.0,0.0,0.0
iaintworried,155,0.0,0.0,0.0
ialone,220,0.0,0.0,0.0
iamarock,243,0.0,0.0,0.0
ibelieveinathingcalled,270,0.0,0.0,0.0
ibleed,140,0.0,0.0,0.0
icantdrive55,255,0.0,0.0,0.0
icantgoforthat,100,0.0,0.0,0.0
icanttakemyeyes,247,0.0,0.0,0.0
icantwait,200,0.0,0.0,0.0
icarus,417,0.0,0.0,0.0
ickythump,410,0.0,0.0,0.0
icouldhavelied,107,0.0,0.0,0.0
idealistictypes,413,0.0,0.0,0.0
ididntsayiwas,253,0.0,0.0,0.0
idiotsrule,301,0.0,0.0,0.0
idontcare,160,0.0,0.0,0.0
idontknow,345,0.0,0.0,0.0
idontlikeyou,267,0.0,0.0,0.0
idontwannabeasoldier,176,0.0,0.0,0.0
idontwannastop,348,0.0,0.0,0.0
idontwanttobe,205,0.0,0.0,0.0
idontwanttogotoschool,196,0.0,0.0,0.0
idontwanttomissathing,178,0.0,0.0,0.0
idwbs,240,0.0,0.0,0.0
if6was9,361,0.0,0.0,0.0
ifiaintgotyou,175,0.0,0.0,0.0
ifoughtthelaw,160,0.0,0.0,0.0
iftheworld,300,0.0,0.0,0.0
iftodaywasyourlastday,160,0.0,0.0,0.0
ifyoucouldonlysee,226,0.0,0.0,0.0
ifyouhavetoask,252,0.0,0.0,0.0
ifyouleavemenow,228,0.0,0.0,0.0
ignorance,250,0.0,0.0,0.0
igotmine,221,0.0,0.0,0.0
igotoextremes,217,0.0,0.0,0.0
igotstripes,250,0.0,0.0,0.0
igottafeeling,154,0.0,0.0,0.0
ihateeverything,187,0.0,0.0,0.0
ihearditthrough,309,0.0,0.0,0.0
ihearthedead,267,0.0,0.0,0.0
ihope,221,0.0,0.0,0.0
ijustdiedinyourarms,219,0.0,0.0,0.0
ijustwannashine,240,0.0,0.0,0.0
iknowwhereyou,208,0.0,0.0,0.0
ilikeyou,140,0.0,0.0,0.0
illbethereforyou,286,0.0,0.0,0.0
illbethereforyou2,250,0.0,0.0,0.0
illstickaround,248,0.0,0.0,0.0
ilovethisbar,212,0.0,0.0,0.0
ily,142,0.0,0.0,0.0
imageoftheinvisible,299,0.0,0.0,0.0
imalright,244,0.0,0.0,0.0
imbroken,320,0.0,0.0,0.0
imcryin,377,0.0,0.0,0.0
imeighteenlive,286,0.0,0.0,0.0
imeltwithyou,197,0.0,0.0,0.0
imgoneimgoing,138,0.0,0.0,0.0
imgonnabe500miles,190,0.0,0.0,0.0
iminlovewithmycar,275,0.0,0.0,0.0
imissyou,194,0.0,0.0,0.0
immortalized,330,0.0,0.0,0.0
imnotdown,259,0.0,0.0,0.0
imnotokay,227,0.0,0.0,0.0
imshippingup,249,0.0,0.0,0.0
imsickyall,213,0.0,0.0,0.0
imstillstanding,235,0.0,0.0,0.0
imtheman,180,0.0,0.0,0.0
imustnotthink,298,0.0,0.0,0.0
imyours,168,0.0,0.0,0.0
inagaddadavida,399,0.0,0.0,0.0
indestructible,320,0.0,0.0,0.0
indians,362,0.0,0.0,0.0
indreams,269,0.0,0.0,0.0
ineedamiracle,279,0.0,0.0,0.0
infinitedreams,310,0.0,0.0,0.0
inmyhead,178,0.0,0.0,0.0
insideout,158,0.0,0.0,0.0
insideout2,530,0.0,0.0,0.0
insidethefire,320,0.0,0.0,0.0
intentionalheartache,320,0.0,0.0,0.0
intentionalheartache2,320,0.0,0.0,0.0
interstatelovesong,175,0.0,0.0,0.0
intheend_linkin2,145,0.0,0.0,0.0
intouch,180,0.0,0.0,0.0
invincible,255,0.0,0.0,0.0
inwaves,305,0.0,0.0,0.0
ionlywantyou,252,0.0,0.0,0.0
ipredictariot,146,0.0,0.0,0.0
iran,218,0.0,0.0,0.0
ireallylikeyou,200,0.0,0.0,0.0
iris2,225,0.0,0.0,0.0
irishbloodenglishheart,302,0.0,0.0,0.0
ironic,216,0.0,0.0,0.0
ironmaidenlive,352,0.0,0.0,0.0
irresistible,170,0.0,0.0,0.0
irs,400,0.0,0.0,0.0
ishotthesheriff,177,0.0,0.0,0.0
islandinthesun,177,0.0,0.0,0.0
isshereallygoingoutwithhim,158,0.0,0.0,0.0
istandalone,209,0.0,0.0,0.0
isthislove,253,0.0,0.0,0.0
istillbelieve,300,0.0,0.0,0.0
ithappens,293,0.0,0.0,0.0
ithinkimokay,180,0.0,0.0,0.0
ithinkwerealonenow,139,0.0,0.0,0.0
ithurts,230,0.0,0.0,0.0
itoldyouso,209,0.0,0.0,0.0
itsalright,225,0.0,0.0,0.0
itsbeenalittleheavylately,225,0.0,0.0,0.0
itsbeenawhile,168,0.0,0.0,0.0
itsmylife,163,0.0,0.0,0.0
itsmylife2,197,0.0,0.0,0.0
itsnotmytime,254,0.0,0.0,0.0
itsnotover,209,0.0,0.0,0.0
itssohard,192,0.0,0.0,0.0
itsstillrockandroll,195,0.0,0.0,0.0
itstheendoftheworld,199,0.0,0.0,0.0
iturnmycameraon,131,0.0,0.0,0.0
iv,275,0.0,0.0,0.0
ivedoneeverything,230,0.0,0.0,0.0
ivegotdreams,106,0.0,0.0,0.0
iveseenallgoodpeople,329,0.0,0.0,0.0
iwalktheline,165,0.0,0.0,0.0
iwannabeyourdog,220,0.0,0.0,0.0
iwannabeyourman,346,0.0,0.0,0.0
iwannadancewithsomebody,218,0.0,0.0,0.0
iwannadancewithsomebody2,200,0.0,0.0,0.0
iwannarock,270,0.0,0.0,0.0
iwantanewdrug,325,0.0,0.0,0.0
iwantitall,351,0.0,0.0,0.0
iwantitall2,351,0.0,0.0,0.0
iwanttobreakfree,194,0.0,0.0,0.0
iwanttobreakfree2,194,0.0,0.0,0.0
iwanttoknowwhatloveis,0,0.0,0.0,0.0
iwantyou,250,0.0,0.0,0.0
iwantyouto,295,0.0,0.0,0.0
iwantyoutowantme,272,0.0,0.0,0.0
iwillnotbow,304,0.0,0.0,0.0
iwillpossessyourheart,250,0.0,0.0,0.0
iwillsurvive,240,0.0,0.0,0.0
iwillwait,460,0.0,0.0,0.0
iwish,418,0.0,0.0,0.0
iwontbackdown,135,0.0,0.0,0.0
iwontgiveitup,340,0.0,0.0,0.0
iwritesins,190,0.0,0.0,0.0
jailbreak_live,298,0.0,0.0,0.0
jailbreak_lizzy,326,0.0,0.0,0.0
jamming,225,0.0,0.0,0.0
jamminme,225,0.0,0.0,0.0
jane,240,0.0,0.0,0.0
janesays,215,0.0,0.0,0.0
janiesgotagun,279,0.0,0.0,0.0
jealousguy,148,0.0,0.0,0.0
jeepster,270,0.0,0.0,0.0
jenny,230,0.0,0.0,0.0
jeremy,231,0.0,0.0,0.0
jerkitout,176,0.0,0.0,0.0
jessica,375,0.0,0.0,0.0
jessiesgirl,225,0.0,0.0,0.0
jesusbuiltmyhotrod,314,0.0,0.0,0.0
jesuschristpose,308,0.0,0.0,0.0
jesusfreak,254,0.0,0.0,0.0
jetlive,237,0.0,0.0,0.0
jimmyjazz,228,0.0,0.0,0.0
jivetalkin,187,0.0,0.0,0.0
johnnybgoode,325,0.0,0.0,0.0
johnnyguitar,173,0.0,0.0,0.0
jokerandthe,375,0.0,0.0,0.0
jolene,340,0.0,0.0,0.0
jukeboxhero,200,0.0,0.0,0.0
jungleboogie,225,0.0,0.0,0.0
junkiesforfame,197,0.0,0.0,0.0
justagirl,244,0.0,0.0,0.0
justbreathe,366,0.0,0.0,0.0
justdance,143,0.0,0.0,0.0
justfortonight,248,0.0,0.0,0.0
justpretend,160,0.0,0.0,0.0
justthewayyouare,125,0.0,0.0,0.0
justwhatineeded,204,0.0,0.0,0.0
kamikaze,177,0.0,0.0,0.0
karmachameleon,167,0.0,0.0,0.0
karmapolice,157,0.0,0.0,0.0
kaya,145,0.0,0.0,0.0
keeponlovingyou,225,0.0,0.0,0.0
keepyourselfalive,327,0.0,0.0,0.0
kickstartmyheart,256,0.0,0.0,0.0
kids,282,0.0,0.0,0.0
kidsdontfollow,343,0.0,0.0,0.0
kidsinthestreet,194,0.0,0.0,0.0
kidsofsummer,176,0.0,0.0,0.0
killedbydeath,349,0.0,0.0,0.0
killerqueen,225,0.0,0.0,0.0
killerqueen2,225,0.0,0.0,0.0
killinginthename,259,0.0,0.0,0.0
killingisjustameans,341,0.0,0.0,0.0
killingjar,222,0.0,0.0,0.0
killingmeslowly,139,0.0,0.0,0.0
kingforaday,248,0.0,0.0,0.0
kingofrock,345,0.0,0.0,0.0
kingoftheworld,170,0.0,0.0,0.0
kingsandqueens,220,0.0,0.0,0.0
kissagirl,234,0.0,0.0,0.0
kissagirl2,234,0.0,0.0,0.0
kissmedeadly,350,0.0,0.0,0.0
kissthemforme,292,0.0,0.0,0.0
knightonthetown,339,0.0,0.0,0.0
knightsofcydonia,415,0.0,0.0,0.0
knowyourenemy,151,0.0,0.0,0.0
kokakola,188,0.0,0.0,0.0
koolthing,200,0.0,0.0,0.0
kryptonite,185,0.0,0.0,0.0
labamba,377,0.0,0.0,0.0
lacamisanegra,250,0.0,0.0,0.0
ladybug,221,0.0,0.0,0.0
laidtorest,362,0.0,0.0,0.0
lalaloveyou,140,0.0,0.0,0.0
landslide,328,0.0,0.0,0.0
last,190,0.0,0.0,0.0
lastofmykind,258,0.0,0.0,0.0
lastoftheamerican,190,0.0,0.0,0.0
lastonetodie,142,0.0,0.0,0.0
lastresort,355,0.0,0.0,0.0
lasttraintoclarksville,310,0.0,0.0,0.0
lawoman,273,0.0,0.0,0.0
layyourhandsonme,310,0.0,0.0,0.0
learningtofly,168,0.0,0.0,0.0
leavethenighton,252,0.0,0.0,0.0
leavinghere,266,0.0,0.0,0.0
leftbehind,274,0.0,0.0,0.0
legendarychild,258,0.0,0.0,0.0
lenny,360,0.0,0.0,0.0
les,240,0.0,0.0,0.0
lesstalkmorerokk,362,0.0,0.0,0.0
letforeverbe,147,0.0,0.0,0.0
letgo,170,0.0,0.0,0.0
lethercry,180,0.0,0.0,0.0
letitallhangout,195,0.0,0.0,0.0
letloverule,171,0.0,0.0,0.0
letmebenormal,260,0.0,0.0,0.0
letmefallapart,262,0.0,0.0,0.0
letmehearyouscream,407,0.0,0.0,0.0
letmeout,210,0.0,0.0,0.0
letmerollit,259,0.0,0.0,0.0
letmyloveopenthedoor,229,0.0,0.0,0.0
letsjustdance,229,0.0,0.0,0.0
letthebadtimesroll,181,0.0,0.0,0.0
letthereberock_live,358,0.0,0.0,0.0
levelofconcern,190,0.0,0.0,0.0
levitate,347,0.0,0.0,0.0
liar,257,0.0,0.0,0.0
lieslieslies,402,0.0,0.0,0.0
lifeisbeautiful,266,0.0,0.0,0.0
lifeline,284,0.0,0.0,0.0
lifestylesoftherich,155,0.0,0.0,0.0
lifewaseasier,225,0.0,0.0,0.0
lightemup,188,0.0,0.0,0.0
lightmyfire,295,0.0,0.0,0.0
lightmylove,225,0.0,0.0,0.0
lightningcrashes,225,0.0,0.0,0.0
likeafool,290,0.0,0.0,0.0
likeastone,160,0.0,0.0,0.0
likenosurprise,201,0.0,0.0,0.0
limelight,230,0.0,0.0,0.0
limelight2,206,0.0,0.0,0.0
linger,152,0.0,0.0,0.0
listentothemusic,342,0.0,0.0,0.0
lisztomania,304,0.0,0.0,0.0
lithium,181,0.0,0.0,0.0
lithiumlive,222,0.0,0.0,0.0
littlemisslover,339,0.0,0.0,0.0
littleofyourtime,145,0.0,0.0,0.0
littlesister,280,0.0,0.0,0.0
littletalks,169,0.0,0.0,0.0
littlewing,299,0.0,0.0,0.0
liveforever,230,0.0,0.0,0.0
liveinthemoment,215,0.0,0.0,0.0
livelifeloud,170,0.0,0.0,0.0
livelyupyourself2,304,0.0,0.0,0.0
livinatthecorner,140,0.0,0.0,0.0
livingaftermidnightlive,259,0.0,0.0,0.0
livingdeadgirl,160,0.0,0.0,0.0
livingforthecity,260,0.0,0.0,0.0
livingthroughme,347,0.0,0.0,0.0
livingwell,255,0.0,0.0,0.0
livinonaprayer2,260,0.0,0.0,0.0
livinontheedge,272,0.0,0.0,0.0
lockedandloaded,210,0.0,0.0,0.0
lodi,197,0.0,0.0,0.0
londoncalling,215,0.0,0.0,0.0
lonelyasyou,218,0.0,0.0,0.0
lonelyboy,184,0.0,0.0,0.0
lonelyisthenight,285,0.0,0.0,0.0
longaway,214,0.0,0.0,0.0
longcoolwoman,217,0.0,0.0,0.0
longhotsummernight,401,0.0,0.0,0.0
longroadtoruin,265,0.0,0.0,0.0
longshot,243,0.0,0.0,0.0
longtrainrunnin,330,0.0,0.0,0.0
lookaround,335,0.0,0.0,0.0
lookinforagoodtime,220,0.0,0.0,0.0
lookingoutmybackdoor,217,0.0,0.0,0.0
losangeles,244,0.0,0.0,0.0
loseit,282,0.0,0.0,0.0
losingmyreligion,113,0.0,0.0,0.0
lostinthesupermarket,217,0.0,0.0,0.0
loungeact,125,0.0,0.0,0.0
loveaddict,161,0.0,0.0,0.0
lovebrandnew,170,0.0,0.0,0.0
lovedyoualittle,225,0.0,0.0,0.0
lovefromtheotherside,255,0.0,0.0,0.0
lovegame,0,0.0,0.0,0.0
lovehermadly,247,0.0,0.0,0.0
lovehurts,110,0.0,0.0,0.0
loveinanelevator,276,0.0,0.0,0.0
loveisabattlefield,302,0.0,0.0,0.0
loveisnotaweapon,170,0.0,0.0,0.0
loveitwhenyouhateme,215,0.0,0.0,0.0
lovelikewinter,256,0.0,0.0,0.0
loveman,165,0.0,0.0,0.0
loveme2x,289,0.0,0.0,0.0
lovemyway,136,0.0,0.0,0.0
loveorconfusion,330,0.0,0.0,0.0
loveralot,228,0.0,0.0,0.0
loverollercoaster,305,0.0,0.0,0.0
loversrock,280,0.0,0.0,0.0
loveshack,226,0.0,0.0,0.0
lovesong,214,0.0,0.0,0.0
lovespell,345,0.0,0.0,0.0
lovespreads,280,0.0,0.0,0.0
lovestinks,130,0.0,0.0,0.0
lovestruckbaby,329,0.0,0.0,0.0
lovethathurts,209,0.0,0.0,0.0
loveumadly,145,0.0,0.0,0.0
lovewilltearusapart,156,0.0,0.0,0.0
loveyourself,145,0.0,0.0,0.0
luciddreams,265,0.0,0.0,0.0
luckydenvermint,307,0.0,0.0,0.0
lucretia,371,0.0,0.0,0.0
lustforlife,270,0.0,0.0,0.0
lyingfromyou,210,0.0,0.0,0.0
machinehead,198,0.0,0.0,0.0
madagascar,285,0.0,0.0,0.0
madeofscars,308,0.0,0.0,0.0
madhouselive,320,0.0,0.0,0.0
magicbuslive,373,0.0,0.0,0.0
magicman,319,0.0,0.0,0.0
magneticbaby,235,0.0,0.0,0.0
makedamnsure,199,0.0,0.0,0.0
makemesmile2,390,0.0,0.0,0.0
makeshiftvehicles,345,0.0,0.0,0.0
makesmewonder,174,0.0,0.0,0.0
makesomenoise,0,0.0,0.0,0.0
makingafire,242,0.0,0.0,0.0
malagente,280,0.0,0.0,0.0
mamaimcominghome,213,0.0,0.0,0.0
mamatried,310,0.0,0.0,0.0
mamatried2,310,0.0,0.0,0.0
maneater2,120,0.0,0.0,0.0
manicdepression,368,0.0,0.0,0.0
manifeellikeawoman,225,0.0,0.0,0.0
manofme,263,0.0,0.0,0.0
manofme2,263,0.0,0.0,0.0
manonthemoon,170,0.0,0.0,0.0
mantra,242,0.0,0.0,0.0
manuchao,175,0.0,0.0,0.0
manyshadesofblack,280,0.0,0.0,0.0
marchofthepigs,285,0.0,0.0,0.0
margaritaville,172,0.0,0.0,0.0
marryyou,110,0.0,0.0,0.0
maryhadalittlelamb,310,0.0,0.0,0.0
maryjane,330,0.0,0.0,0.0
maryonacross,200,0.0,0.0,0.0
masquerader,142,0.0,0.0,0.0
masterslave,90,0.0,0.0,0.0
mastersofmorbidity,400,0.0,0.0,0.0
mastersoftheuniverse,177,0.0,0.0,0.0
matilda,245,0.0,0.0,0.0
maybeimamazed,194,0.0,0.0,0.0
maythisbelove,309,0.0,0.0,0.0
meandbobbymcgee,280,0.0,0.0,0.0
meandmygang,270,0.0,0.0,0.0
meaningoflife,277,0.0,0.0,0.0
meanttolive,235,0.0,0.0,0.0
meanwomanblues,248,0.0,0.0,0.0
medicate,264,0.0,0.0,0.0
medicine,330,0.0,0.0,0.0
megasus,253,0.0,0.0,0.0
melatonin,215,0.0,0.0,0.0
mellowshipslinkyinbmajor,243,0.0,0.0,0.0
memory,199,0.0,0.0,0.0
mercy,270,0.0,0.0,0.0
mercyme,240,0.0,0.0,0.0
messageinabottle,240,0.0,0.0,0.0
metalgodslive,246,0.0,0.0,0.0
metalonmetal,261,0.0,0.0,0.0
metalthrashingmadlive,410,0.0,0.0,0.0
miami2017,173,0.0,0.0,0.0
mica,262,0.0,0.0,0.0
midnightrider,217,0.0,0.0,0.0
mightberight,239,0.0,0.0,0.0
milesandmiles,225,0.0,0.0,0.0
mindreader,176,0.0,0.0,0.0
mindrider,350,0.0,0.0,0.0
minerva,169,0.0,0.0,0.0
misery,277,0.0,0.0,0.0
missedconnection,139,0.0,0.0,0.0
missindependent,185,0.0,0.0,0.0
missingpiece,226,0.0,0.0,0.0
missmurder,237,0.0,0.0,0.0
modernlove,179,0.0,0.0,0.0
mollychambers,284,0.0,0.0,0.0
monalisa,201,0.0,0.0,0.0
monarchyofroses,270,0.0,0.0,0.0
moneytalks_live,180,0.0,0.0,0.0
monkeygonetoheaven,140,0.0,0.0,0.0
monkeywrench,284,0.0,0.0,0.0
monsoon,169,0.0,0.0,0.0
monstergaga,202,0.0,0.0,0.0
monsters,179,0.0,0.0,0.0
monsterskillet,190,0.0,0.0,0.0
montero,145,0.0,0.0,0.0
monymony,130,0.0,0.0,0.0
moonagedaydream,200,0.0,0.0,0.0
morehumanthanhuman,133,0.0,0.0,0.0
morethanafeeling,226,0.0,0.0,0.0
morethanmeetstheeye,433,0.0,0.0,0.0
morethanwords,406,0.0,0.0,0.0
morethevictim,200,0.0,0.0,0.0
mothermother,213,0.0,0.0,0.0
mountainman,226,0.0,0.0,0.0
mountainsound,225,0.0,0.0,0.0
mouthforwar,362,0.0,0.0,0.0
mouthshut,230,0.0,0.0,0.0
movealong,150,0.0,0.0,0.0
moveover,345,0.0,0.0,0.0
moveslikejagger,234,0.0,0.0,0.0
movinginstereo,165,0.0,0.0,0.0
movingtoseattle,200,0.0,0.0,0.0
movinout,188,0.0,0.0,0.0
mrbrightside,263,0.0,0.0,0.0
mrcabdriver,248,0.0,0.0,0.0
mrcrowley,415,0.0,0.0,0.0
mrgrieves,180,0.0,0.0,0.0
mrjones,177,0.0,0.0,0.0
mudonthetires,369,0.0,0.0,0.0
musicisworthlivingfor,168,0.0,0.0,0.0
musthavedonesomething,146,0.0,0.0,0.0
mybestfriendsgirl,240,0.0,0.0,0.0
mybesttheory,149,0.0,0.0,0.0
mybody,264,0.0,0.0,0.0
mycurse,286,0.0,0.0,0.0
mydemons,178,0.0,0.0,0.0
myexsbuild,30,0.0,0.0,0.0
myfriendsoveryou,225,0.0,0.0,0.0
mygeneration,290,0.0,0.0,0.0
myhappyending,252,0.0,0.0,0.0
myhero,248,0.0,0.0,0.0
myironlung,200,0.0,0.0,0.0
mylastwords,406,0.0,0.0,0.0
mylife,193,0.0,0.0,0.0
mylovelyman,272,0.0,0.0,0.0
mynameisjonas,315,0.0,0.0,0.0
myoldschool,420,0.0,0.0,0.0
myowneyes,179,0.0,0.0,0.0
myownsummer,263,0.0,0.0,0.0
mypoorbrain,251,0.0,0.0,0.0
mysharona,380,0.0,0.0,0.0
mywave,170,0.0,0.0,0.0
myway2,230,0.0,0.0,0.0
mywaysoon,333,0.0,0.0,0.0
nakedeye,131,0.0,0.0,0.0
nakedintherain,258,0.0,0.0,0.0
nativetongue,172,0.0,0.0,0.0
natural,158,0.0,0.0,0.0
naturaldisaster,178,0.0,0.0,0.0
nearlylostyou,262,0.0,0.0,0.0
needyounow,173,0.0,0.0,0.0
neveragain,241,0.0,0.0,0.0
neverenough,225,0.0,0.0,0.0
nevergonnagiveyouup,215,0.0,0.0,0.0
neverletemholdyaback,242,0.0,0.0,0.0
neverletmedownagain,159,0.0,0.0,0.0
nevermore,528,0.0,0.0,0.0
nevertoolate,178,0.0,0.0,0.0
new,261,0.0,0.0,0.0
newdarkages,333,0.0,0.0,0.0
newdivide,140,0.0,0.0,0.0
newfang,225,0.0,0.0,0.0
newmoonrising,271,0.0,0.0,0.0
newslang,176,0.0,0.0,0.0
newwave,265,0.0,0.0,0.0
newwayhome,235,0.0,0.0,0.0
nib,225,0.0,0.0,0.0
nightfever,170,0.0,0.0,0.0
nightmare2,365,0.0,0.0,0.0
nightsonbroadway,218,0.0,0.0,0.0
nightwatchmanlive,280,0.0,0.0,0.0
nineteeneightythree,150,0.0,0.0,0.0
nineteenohone,240,0.0,0.0,0.0
nineteensixtynine,290,0.0,0.0,0.0
ninetynine,244,0.0,0.0,0.0
nirvana,228,0.0,0.0,0.0
no13baby,140,0.0,0.0,0.0
noapologies,200,0.0,0.0,0.0
nobody,460,0.0,0.0,0.0
nobodysfool,261,0.0,0.0,0.0
nocontrol,315,0.0,0.0,0.0
noexcuses,202,0.0,0.0,0.0
nofun,234,0.0,0.0,0.0
nohasslenight,135,0.0,0.0,0.0
nomoremrniceguy,267,0.0,0.0,0.0
nomoretears,372,0.0,0.0,0.0
nomoretrouble,202,0.0,0.0,0.0
nookie2,232,0.0,0.0,0.0
noplaceforme,202,0.0,0.0,0.0
norain,270,0.0,0.0,0.0
noregrets,265,0.0,0.0,0.0
nosleeptillbrooklyn,300,0.0,0.0,0.0
nosurprise,170,0.0,0.0,0.0
notagain,386,0.0,0.0,0.0
nothinbutagoodtime,337,0.0,0.0,0.0
notime,273,0.0,0.0,0.0
novocaine,203,0.0,0.0,0.0
nowheregeneration,242,0.0,0.0,0.0
nowimhere,263,0.0,0.0,0.0
nowomannocry,250,0.0,0.0,0.0
numb2,149,0.0,0.0,0.0
numb3,115,0.0,0.0,0.0
numberofthebeast,450,0.0,0.0,0.0
numberofthebeast2,425,0.0,0.0,0.0
nureinwort,305,0.0,0.0,0.0
obsession,200,0.0,0.0,0.0
oceanavenue,250,0.0,0.0,0.0
oceans,151,0.0,0.0,0.0
oceansize,389,0.0,0.0,0.0
odetomyfamily,177,0.0,0.0,0.0
odetosolitude,198,0.0,0.0,0.0
oh,185,0.0,0.0,0.0
ohlove,167,0.0,0.0,0.0
ohmylove,170,0.0,0.0,0.0
ohprettywoman,233,0.0,0.0,0.0
ohyeah,263,0.0,0.0,0.0
ohyoko,201,0.0,0.0,0.0
oldestdaughter,275,0.0,0.0,0.0
ole,182,0.0,0.0,0.0
onaplain,156,0.0,0.0,0.0
once,288,0.0,0.0,0.0
oncebittentwiceshy,330,0.0,0.0,0.0
onceinalifetime,286,0.0,0.0,0.0
one,260,0.0,0.0,0.0
onebigholiday,328,0.0,0.0,0.0
onekindofsolomon,169,0.0,0.0,0.0
onelove,145,0.0,0.0,0.0
onemanband,240,0.0,0.0,0.0
onemorenight,141,0.0,0.0,0.0
oneofthosenights,228,0.0,0.0,0.0
onerainywish,329,0.0,0.0,0.0
onevision,327,0.0,0.0,0.0
onevision2,327,0.0,0.0,0.0
oneweek,230,0.0,0.0,0.0
onlyamemory,183,0.0,0.0,0.0
onlylovecansavemenow,345,0.0,0.0,0.0
onlyone,259,0.0,0.0,0.0
onlythegooddieyoung,248,0.0,0.0,0.0
onlythelonely,135,0.0,0.0,0.0
onlywannabewithyou,250,0.0,0.0,0.0
onmymind,180,0.0,0.0,0.0
onthebacksofangels,422,0.0,0.0,0.0
ontheroadagain,266,0.0,0.0,0.0
oobydooby,264,0.0,0.0,0.0
openingband,277,0.0,0.0,0.0
openmyeyes2,295,0.0,0.0,0.0
openwater,263,0.0,0.0,0.0
operationgroundandpound,600,0.0,0.0,0.0
orangeamber,169,0.0,0.0,0.0
originofthespecies,313,0.0,0.0,0.0
orphans,240,0.0,0.0,0.0
otherside,178,0.0,0.0,0.0
ourlipsaresealed,133,0.0,0.0,0.0
ourlovewillstillbethere,180,0.0,0.0,0.0
outerspaceaf,282,0.0,0.0,0.0
outhereallnight,323,0.0,0.0,0.0
outofline,216,0.0,0.0,0.0
outshined,245,0.0,0.0,0.0
outside2,144,0.0,0.0,0.0
outtathaway,221,0.0,0.0,0.0
overkill,265,0.0,0.0,0.0
overmyhead,234,0.0,0.0,0.0
overthemountain,360,0.0,0.0,0.0
ownerofalonelyheart,225,0.0,0.0,0.0
packofsmokes,270,0.0,0.0,0.0
pain,215,0.0,0.0,0.0
pain2,208,0.0,0.0,0.0
painandpleasure,230,0.0,0.0,0.0
painkiller2,187,0.0,0.0,0.0
panic,327,0.0,0.0,0.0
panic2,145,0.0,0.0,0.0
panicattack2,150,0.0,0.0,0.0
panicswitch,310,0.0,0.0,0.0
paparazzi,110,0.0,0.0,0.0
paradise,280,0.0,0.0,0.0
paradisebythe,406,0.0,0.0,0.0
paralleluniverse,238,0.0,0.0,0.0
paralyzed,185,0.0,0.0,0.0
paranoia,267,0.0,0.0,0.0
parasitelive,373,0.0,0.0,0.0
pardonme,218,0.0,0.0,0.0
parrtyfortwo,147,0.0,0.0,0.0
parrtyfortwo2,147,0.0,0.0,0.0
parrtyhard,235,0.0,0.0,0.0
parrtyintheusa,209,0.0,0.0,0.0
passthenirvana,240,0.0,0.0,0.0
pathkeeper,490,0.0,0.0,0.0
peacefrog,279,0.0,0.0,0.0
peaceofmind,257,0.0,0.0,0.0
peacethatstartsawar,340,0.0,0.0,0.0
peekaboo,213,0.0,0.0,0.0
peg,265,0.0,0.0,0.0
peoplearepeople,130,0.0,0.0,0.0
peoplearestrange,200,0.0,0.0,0.0
peoplegotalotofnerve,208,0.0,0.0,0.0
perfectday,358,0.0,0.0,0.0
perfectday2,358,0.0,0.0,0.0
perfectdrug,290,0.0,0.0,0.0
perfectinsanity,351,0.0,0.0,0.0
perfectsituation,225,0.0,0.0,0.0
perfektewelle,227,0.0,0.0,0.0
personaljesus,210,0.0,0.0,0.0
peutetreuneangine,173,0.0,0.0,0.0
phantomoftheopera,480,0.0,0.0,0.0
photograph,165,0.0,0.0,0.0
photograph2,258,0.0,0.0,0.0
physical,245,0.0,0.0,0.0
pianoman,280,0.0,0.0,0.0
pickmeup,383,0.0,0.0,0.0
pickupthepieces,175,0.0,0.0,0.0
picturesofgirls,231,0.0,0.0,0.0
picturesofmatchstickmen,142,0.0,0.0,0.0
pieceofmyheart,186,0.0,0.0,0.0
pigsinzen,234,0.0,0.0,0.0
pilgrim,370,0.0,0.0,0.0
playthatfunkymusic,270,0.0,0.0,0.0
playthegame,241,0.0,0.0,0.0
pleasedontleaveme,183,0.0,0.0,0.0
pointofknowreturn,380,0.0,0.0,0.0
poison,315,0.0,0.0,0.0
poisonpill,245,0.0,0.0,0.0
poisonwasthecure,440,0.0,0.0,0.0
pokerface,155,0.0,0.0,0.0
pokerfacecartman,155,0.0,0.0,0.0
policetruck,243,0.0,0.0,0.0
policyoftruth,200,0.0,0.0,0.0
polly,111,0.0,0.0,0.0
pompeii,146,0.0,0.0,0.0
popularmonster,244,0.0,0.0,0.0
porch,302,0.0,0.0,0.0
porkandbeans,113,0.0,0.0,0.0
possumkingdom,265,0.0,0.0,0.0
postpone,260,0.0,0.0,0.0
poursomesugarlive,267,0.0,0.0,0.0
powerandthepassion,217,0.0,0.0,0.0
powerslave,403,0.0,0.0,0.0
prayeroftherefugee,226,0.0,0.0,0.0
precious,283,0.0,0.0,0.0
prequeltothesequel,418,0.0,0.0,0.0
pressure,182,0.0,0.0,0.0
pressure2,240,0.0,0.0,0.0
prettyflyforawhiteguy,243,0.0,0.0,0.0
prettyinpink,138,0.0,0.0,0.0
prettymouth,215,0.0,0.0,0.0
prettynoose,258,0.0,0.0,0.0
pride,260,0.0,0.0,0.0
prideandjoy,377,0.0,0.0,0.0
prisoner,336,0.0,0.0,0.0
privateeyes,144,0.0,0.0,0.0
proibito,281,0.0,0.0,0.0
promisedland,210,0.0,0.0,0.0
promiseeverything,171,0.0,0.0,0.0
promisesinthedark,265,0.0,0.0,0.0
promqueen,152,0.0,0.0,0.0
prophecylive,386,0.0,0.0,0.0
prostitute,339,0.0,0.0,0.0
proudmary2,237,0.0,0.0,0.0
psychosocial,424,0.0,0.0,0.0
publicenemyno1,422,0.0,0.0,0.0
pullmeunder,415,0.0,0.0,0.0
pulseofthemaggots,428,0.0,0.0,0.0
pumpedupkicks,196,0.0,0.0,0.0
purplehaze,303,0.0,0.0,0.0
push,205,0.0,0.0,0.0
pushit,318,0.0,0.0,0.0
queenbitch,200,0.0,0.0,0.0
radio,183,0.0,0.0,0.0
radiofreeeurope,193,0.0,0.0,0.0
radiogaga,240,0.0,0.0,0.0
radioradio,203,0.0,0.0,0.0
radioreject,245,0.0,0.0,0.0
ragdoll,260,0.0,0.0,0.0
raindancemaggie,224,0.0,0.0,0.0
raindown,300,0.0,0.0,0.0
rainingblood,430,0.0,0.0,0.0
rainisagoodthing,301,0.0,0.0,0.0
rainisagoodthing2,301,0.0,0.0,0.0
raiseyourglass,240,0.0,0.0,0.0
rapeme,190,0.0,0.0,0.0
rapidfirelive,405,0.0,0.0,0.0
rapture,235,0.0,0.0,0.0
ratsghost,267,0.0,0.0,0.0
ratsinthecellar,380,0.0,0.0,0.0
rattlesnakeshake,270,0.0,0.0,0.0
rbnmegamix01,354,0.0,0.0,0.0
readyforcombat,270,0.0,0.0,0.0
readysetgo,168,0.0,0.0,0.0
realgoodlooking,214,0.0,0.0,0.0
realworld,185,0.0,0.0,0.0
rearranged,400,0.0,0.0,0.0
rebelheart,236,0.0,0.0,0.0
rebellion,360,0.0,0.0,0.0
rebellovesong,390,0.0,0.0,0.0
rebelrebel1,142,0.0,0.0,0.0
rebelyell,315,0.0,0.0,0.0
rebound,260,0.0,0.0,0.0
redbarchetta,228,0.0,0.0,0.0
reddevil,493,0.0,0.0,0.0
redemptionsong,143,0.0,0.0,0.0
redneck,413,0.0,0.0,0.0
redredwine,136,0.0,0.0,0.0
redtandy,275,0.0,0.0,0.0
reeducation,238,0.0,0.0,0.0
reelinintheyears,345,0.0,0.0,0.0
refugee,333,0.0,0.0,0.0
rehash,208,0.0,0.0,0.0
reinventingyourexit,202,0.0,0.0,0.0
relax,180,0.0,0.0,0.0
release,180,0.0,0.0,0.0
remedy,310,0.0,0.0,0.0
reminiscing,245,0.0,0.0,0.0
renegade,385,0.0,0.0,0.0
renegades,337,0.0,0.0,0.0
rescued,240,0.0,0.0,0.0
rescueme,190,0.0,0.0,0.0
rescueme2,148,0.0,0.0,0.0
resentment,221,0.0,0.0,0.0
respect,210,0.0,0.0,0.0
revolutionrock,275,0.0,0.0,0.0
reyourbrains,126,0.0,0.0,0.0
rhiannon,292,0.0,0.0,0.0
riadnthebedouins,360,0.0,0.0,0.0
richgirl,221,0.0,0.0,0.0
ride,240,0.0,0.0,0.0
ride2,125,0.0,0.0,0.0
rideadkins,300,0.0,0.0,0.0
rideadkins2,300,0.0,0.0,0.0
ridersonthestorm,180,0.0,0.0,0.0
ridethelightning,450,0.0,0.0,0.0
ridingonthewind,375,0.0,0.0,0.0
ridininmychevy,230,0.0,0.0,0.0
ridinthehook,210,0.0,0.0,0.0
ridinthestormout,356,0.0,0.0,0.0
righthererightnow,254,0.0,0.0,0.0
rimeoftheancientmariner,410,0.0,0.0,0.0
ringoffire,216,0.0,0.0,0.0
ringoffire2,160,0.0,0.0,0.0
ringoffire3,160,0.0,0.0,0.0
rio,260,0.0,0.0,0.0
riptide,260,0.0,0.0,0.0
riptide2,200,0.0,0.0,0.0
rizeofthefenix,280,0.0,0.0,0.0
roadhouseblues,243,0.0,0.0,0.0
roadtonowhere,400,0.0,0.0,0.0
roam,221,0.0,0.0,0.0
rockandrollallnitelive,290,0.0,0.0,0.0
rockandrollband,256,0.0,0.0,0.0
rockandrollcreation,249,0.0,0.0,0.0
rockandrollstar,275,0.0,0.0,0.0
rockawaybeach,150,0.0,0.0,0.0
rockinamerica,403,0.0,0.0,0.0
rockme,145,0.0,0.0,0.0
rocknrolldream,230,0.0,0.0,0.0
rocknrollhighschool,222,0.0,0.0,0.0
rocknrollnightmare,202,0.0,0.0,0.0
rocknrollqueen,207,0.0,0.0,0.0
rockofages,223,0.0,0.0,0.0
rockready,347,0.0,0.0,0.0
rockrebellion,420,0.0,0.0,0.0
rockstar,189,0.0,0.0,0.0
rockthecasbah,188,0.0,0.0,0.0
rockyoulikeahurricane,300,0.0,0.0,0.0
rockyoursocks,288,0.0,0.0,0.0
rollercoaster,210,0.0,0.0,0.0
rollin,179,0.0,0.0,0.0
rolling7s,290,0.0,0.0,0.0
rolltome,262,0.0,0.0,0.0
rollwiththechanges,321,0.0,0.0,0.0
rooster,131,0.0,0.0,0.0
rope,295,0.0,0.0,0.0
rosanna,340,0.0,0.0,0.0
roxanne,115,0.0,0.0,0.0
royals,95,0.0,0.0,0.0
rubysoho,265,0.0,0.0,0.0
rude,214,0.0,0.0,0.0
rudeboys,146,0.0,0.0,0.0
rudemood,435,0.0,0.0,0.0
rudiecantfail,252,0.0,0.0,0.0
rumine,233,0.0,0.0,0.0
runaround,400,0.0,0.0,0.0
runaway,305,0.0,0.0,0.0
runaway2,275,0.0,0.0,0.0
runforcover,270,0.0,0.0,0.0
runnindownadream,404,0.0,0.0,0.0
running,157,0.0,0.0,0.0
runningwild,174,0.0,0.0,0.0
runningwiththewild,221,0.0,0.0,0.0
runninwiththedevil,224,0.0,0.0,0.0
runthroughthejungle,176,0.0,0.0,0.0
runtothehills2,450,0.0,0.0,0.0
runwithyou,222,0.0,0.0,0.0
run_foo,240,0.0,0.0,0.0
rustinpeace,421,0.0,0.0,0.0
rustycage,289,0.0,0.0,0.0
sacrifice,240,0.0,0.0,0.0
safeandsound,250,0.0,0.0,0.0
saintsoflosangeles,290,0.0,0.0,0.0
saluteyoursolution,329,0.0,0.0,0.0
salvation,203,0.0,0.0,0.0
sameolsituation,216,0.0,0.0,0.0
sanctified,179,0.0,0.0,0.0
sandblastedskin,362,0.0,0.0,0.0
santamonica,230,0.0,0.0,0.0
santeria,259,0.0,0.0,0.0
satchboogie,595,0.0,0.0,0.0
satellite,266,0.0,0.0,0.0
satelliteradio,7,0.0,0.0,0.0
satisfymysoul,109,0.0,0.0,0.0
saturdaymorning,179,0.0,0.0,0.0
saturdaynightspecial,353,0.0,0.0,0.0
saucyjack,211,0.0,0.0,0.0
saveahorse,300,0.0,0.0,0.0
savetonight,276,0.0,0.0,0.0
saveyourself,156,0.0,0.0,0.0
savior,262,0.0,0.0,0.0
sawlightning,225,0.0,0.0,0.0
saygoodbyetohollywood,184,0.0,0.0,0.0
sayyoullhauntme,243,0.0,0.0,0.0
scarletbegonias,284,0.0,0.0,0.0
scartissue,215,0.0,0.0,0.0
scenesfromanitalian,273,0.0,0.0,0.0
school,338,0.0,0.0,0.0
schoolsoutlive,423,0.0,0.0,0.0
sciencegeniusgirl,129,0.0,0.0,0.0
scraped,352,0.0,0.0,0.0
scream,415,0.0,0.0,0.0
screamaimfire,414,0.0,0.0,0.0
screamingfor,379,0.0,0.0,0.0
seaandsand,266,0.0,0.0,0.0
season5,245,0.0,0.0,0.0
seasons,279,0.0,0.0,0.0
seasonsintheabyss,415,0.0,0.0,0.0
seasonsofwither,140,0.0,0.0,0.0
secondchance,177,0.0,0.0,0.0
secretgarden,375,0.0,0.0,0.0
seether,185,0.0,0.0,0.0
seeyou,220,0.0,0.0,0.0
seeyouagain,192,0.0,0.0,0.0
seizetheday,416,0.0,0.0,0.0
selfdestructor,333,0.0,0.0,0.0
selfesteem,175,0.0,0.0,0.0
sellout,333,0.0,0.0,0.0
sendmeonmyway,340,0.0,0.0,0.0
sendthepainbelow,238,0.0,0.0,0.0
sensualseduction,147,0.0,0.0,0.0
settlin,187,0.0,0.0,0.0
settlin2,187,0.0,0.0,0.0
settling,240,0.0,0.0,0.0
sevennationarmy,220,0.0,0.0,0.0
sevenseasofrhye,310,0.0,0.0,0.0
seventhson,420,0.0,0.0,0.0
sexandcandy,169,0.0,0.0,0.0
sexonfire,224,0.0,0.0,0.0
sextypething,250,0.0,0.0,0.0
sexxlaws,375,0.0,0.0,0.0
shadow,260,0.0,0.0,0.0
shadowoftheday,180,0.0,0.0,0.0
shadowsofthenight,248,0.0,0.0,0.0
shake,210,0.0,0.0,0.0
shakemeup,267,0.0,0.0,0.0
shame,203,0.0,0.0,0.0
shame2,156,0.0,0.0,0.0
shapeofyou,208,0.0,0.0,0.0
shapeshifter,215,0.0,0.0,0.0
shedoes,245,0.0,0.0,0.0
shedrivesmecrazy,178,0.0,0.0,0.0
shegoesdown,237,0.0,0.0,0.0
shehatesme,225,0.0,0.0,0.0
sheisahandsomewoman,158,0.0,0.0,0.0
shelookssoperfect,176,0.0,0.0,0.0
shelterme,263,0.0,0.0,0.0
shepherdoffire,460,0.0,0.0,0.0
shesagenius,266,0.0,0.0,0.0
shesahottie,223,0.0,0.0,0.0
shesalliwannabe,200,0.0,0.0,0.0
shesalwaysawoman,334,0.0,0.0,0.0
shescountry,250,0.0,0.0,0.0
shesellssanctuary,169,0.0,0.0,0.0
shesfetching,188,0.0,0.0,0.0
shesgotsorcery,280,0.0,0.0,0.0
shesnotthere,196,0.0,0.0,0.0
shessofine,281,0.0,0.0,0.0
shessomean,217,0.0,0.0,0.0
shetalkstoangels,231,0.0,0.0,0.0
shethinksmytractorssexy,208,0.0,0.0,0.0
she_lf,297,0.0,0.0,0.0
shhh,169,0.0,0.0,0.0
shimmer,230,0.0,0.0,0.0
shimmerandshine,247,0.0,0.0,0.0
shine,276,0.0,0.0,0.0
shiningstar,308,0.0,0.0,0.0
shiver,221,0.0,0.0,0.0
shockwave,379,0.0,0.0,0.0
shootingthemoon,257,0.0,0.0,0.0
shoottherunner,141,0.0,0.0,0.0
shoottothrill_live,279,0.0,0.0,0.0
shotinthedark,224,0.0,0.0,0.0
shouldvebeenacowboy,191,0.0,0.0,0.0
shout,180,0.0,0.0,0.0
shout2,212,0.0,0.0,0.0
showmetheway,307,0.0,0.0,0.0
showmethewaylive,200,0.0,0.0,0.0
shutupanddance,270,0.0,0.0,0.0
shy,228,0.0,0.0,0.0
sickness,155,0.0,0.0,0.0
sicksicksick,280,0.0,0.0,0.0
sideways,256,0.0,0.0,0.0
sideways2,256,0.0,0.0,0.0
silentlucidity,245,0.0,0.0,0.0
silver,180,0.0,0.0,0.0
simmer,176,0.0,0.0,0.0
simplekindoflife,194,0.0,0.0,0.0
simpleman,175,0.0,0.0,0.0
simplify,224,0.0,0.0,0.0
sing,219,0.0,0.0,0.0
singlewhitefemale,194,0.0,0.0,0.0
singlewhitefemale2,194,0.0,0.0,0.0
singthechanges,197,0.0,0.0,0.0
sing_ed,260,0.0,0.0,0.0
sink,230,0.0,0.0,0.0
sinsofmyyouth,202,0.0,0.0,0.0
sinwagon,408,0.0,0.0,0.0
sirduke,270,0.0,0.0,0.0
sirpsychosexy,269,0.0,0.0,0.0
sistereurope,138,0.0,0.0,0.0
siva,317,0.0,0.0,0.0
sixfeetunder,260,0.0,0.0,0.0
sixsixsix,376,0.0,0.0,0.0
sixteen,296,0.0,0.0,0.0
sixteen2,77,0.0,0.0,0.0
sk8erboi,170,0.0,0.0,0.0
skullcrushermt,239,0.0,0.0,0.0
skydiver,280,0.0,0.0,0.0
skyisover,230,0.0,0.0,0.0
sleepnowinthefire,241,0.0,0.0,0.0
sleepwalker,415,0.0,0.0,0.0
sliceofyourpie,279,0.0,0.0,0.0
slide,235,0.0,0.0,0.0
slowride,182,0.0,0.0,0.0
smallaxe,240,0.0,0.0,0.0
smashitup,271,0.0,0.0,0.0
smellsliketeen,207,0.0,0.0,0.0
smile,240,0.0,0.0,0.0
smilelikeyoumeanit,186,0.0,0.0,0.0
smokin,351,0.0,0.0,0.0
smooth,304,0.0,0.0,0.0
smoothcriminalaaf,292,0.0,0.0,0.0
snoopsupsideyahead,251,0.0,0.0,0.0
snowheyoh,382,0.0,0.0,0.0
snuff,170,0.0,0.0,0.0
soakupthesun,150,0.0,0.0,0.0
sober,200,0.0,0.0,0.0
soberup,202,0.0,0.0,0.0
socold,258,0.0,0.0,0.0
sofaraway,182,0.0,0.0,0.0
sofaraway2,179,0.0,0.0,0.0
solonely,280,0.0,0.0,0.0
some1else,267,0.0,0.0,0.0
somebodytolove,239,0.0,0.0,0.0
somebodytolove2,239,0.0,0.0,0.0
somebodytoloveairplane,253,0.0,0.0,0.0
someday,192,0.0,0.0,0.0
somekindof,176,0.0,0.0,0.0
somenights,305,0.0,0.0,0.0
someonetoyou,139,0.0,0.0,0.0
somethingaboutyou,234,0.0,0.0,0.0
somethingfromnothing,272,0.0,0.0,0.0
somethingintheway,110,0.0,0.0,0.0
somethingjustlikethis,176,0.0,0.0,0.0
sometimes,170,0.0,0.0,0.0
sometimessalvation,246,0.0,0.0,0.0
somewhereibelong2,155,0.0,0.0,0.0
somp,480,0.0,0.0,0.0
somuchtosay,286,0.0,0.0,0.0
song3,280,0.0,0.0,0.0
songwithamission,200,0.0,0.0,0.0
sonsanddaughters,206,0.0,0.0,0.0
soonerorlater,234,0.0,0.0,0.0
sorrow,198,0.0,0.0,0.0
sorry,289,0.0,0.0,0.0
sorrynotsorry,145,0.0,0.0,0.0
sorry_bieber,100,0.0,0.0,0.0
sortof,303,0.0,0.0,0.0
sos,226,0.0,0.0,0.0
soulkitchen,215,0.0,0.0,0.0
soulsucker,391,0.0,0.0,0.0
soundsofsilence,240,0.0,0.0,0.0
southofheaven,400,0.0,0.0,0.0
southsideofthesky,338,0.0,0.0,0.0
spacecowboy,268,0.0,0.0,0.0
spaceman,134,0.0,0.0,0.0
spacetruckin,270,0.0,0.0,0.0
spanishbombs,230,0.0,0.0,0.0
spanishcastlemagic,370,0.0,0.0,0.0
speedfighter,340,0.0,0.0,0.0
speedofsound,205,0.0,0.0,0.0
speedofsound2,176,0.0,0.0,0.0
spiderwebs,205,0.0,0.0,0.0
spillthewine,144,0.0,0.0,0.0
spinningwheel,242,0.0,0.0,0.0
sprode,200,0.0,0.0,0.0
stackedactors,285,0.0,0.0,0.0
stacysmom,141,0.0,0.0,0.0
stand,231,0.0,0.0,0.0
standback,221,0.0,0.0,0.0
standingintheshower,402,0.0,0.0,0.0
standintherain,215,0.0,0.0,0.0
standupandshout,416,0.0,0.0,0.0
starboy,135,0.0,0.0,0.0
starlight,373,0.0,0.0,0.0
starlight2,225,0.0,0.0,0.0
starships,135,0.0,0.0,0.0
starshiptrooper,415,0.0,0.0,0.0
startallover,215,0.0,0.0,0.0
startingover,335,0.0,0.0,0.0
startingtoappreciate,357,0.0,0.0,0.0
stash,362,0.0,0.0,0.0
stateofloveandtrustlive,336,0.0,0.0,0.0
stayaway,227,0.0,0.0,0.0
stayhigh,140,0.0,0.0,0.0
stayimissedyou,250,0.0,0.0,0.0
stayinalive,200,0.0,0.0,0.0
staytogetherforthekids,210,0.0,0.0,0.0
steadyasshegoes,167,0.0,0.0,0.0
steadyatthewheel,258,0.0,0.0,0.0
stealaway,305,0.0,0.0,0.0
stealmysunshine,145,0.0,0.0,0.0
steelerlive,372,0.0,0.0,0.0
stellar,215,0.0,0.0,0.0
stereohearts,225,0.0,0.0,0.0
steviesees,226,0.0,0.0,0.0
stickysweet,268,0.0,0.0,0.0
stigmata,257,0.0,0.0,0.0
stillalive,218,0.0,0.0,0.0
stillbreathing,141,0.0,0.0,0.0
stillofthenight,396,0.0,0.0,0.0
stilltheone,355,0.0,0.0,0.0
stillwaiting,275,0.0,0.0,0.0
stiritup,209,0.0,0.0,0.0
stitches,178,0.0,0.0,0.0
stolendance,248,0.0,0.0,0.0
stonecoldcrazy,325,0.0,0.0,0.0
stonefree,360,0.0,0.0,0.0
stonehenge,308,0.0,0.0,0.0
stop,259,0.0,0.0,0.0
stop2,351,0.0,0.0,0.0
stopandstare,216,0.0,0.0,0.0
stopdragginmyheart,248,0.0,0.0,0.0
stopstartagain,199,0.0,0.0,0.0
storyofmylife,192,0.0,0.0,0.0
storyofmylife1d,229,0.0,0.0,0.0
straightlines,188,0.0,0.0,0.0
strangetimes,224,0.0,0.0,0.0
stranglehold,349,0.0,0.0,0.0
straycatstrut,207,0.0,0.0,0.0
streetofdreams,295,0.0,0.0,0.0
stressedout,140,0.0,0.0,0.0
stricken,355,0.0,0.0,0.0
strutterlive,280,0.0,0.0,0.0
stupidgirl,149,0.0,0.0,0.0
stupify,240,0.0,0.0,0.0
sturmunddrang,286,0.0,0.0,0.0
subdivisions,191,0.0,0.0,0.0
sucker,149,0.0,0.0,0.0
suckmykiss,268,0.0,0.0,0.0
sudsinabucket,212,0.0,0.0,0.0
sugarbaby,170,0.0,0.0,0.0
sugarhoneyiceandtea,240,0.0,0.0,0.0
sugarmagnolia,295,0.0,0.0,0.0
sugarweregoindown,229,0.0,0.0,0.0
sugaryou,210,0.0,0.0,0.0
suicidenotept2,401,0.0,0.0,0.0
sulpher,412,0.0,0.0,0.0
summernights,270,0.0,0.0,0.0
summernights2,270,0.0,0.0,0.0
summertimeblues,4,0.0,0.0,0.0
summertimeboy,176,0.0,0.0,0.0
summertimerolls,188,0.0,0.0,0.0
sundaybloodysunday,218,0.0,0.0,0.0
sundaymorning,207,0.0,0.0,0.0
sundial,311,0.0,0.0,0.0
sunhitsthesky,246,0.0,0.0,0.0
superbad,280,0.0,0.0,0.0
superbeast,220,0.0,0.0,0.0
superbowlmedley,335,0.0,0.0,0.0
superchargerheaven,335,0.0,0.0,0.0
superfreak,144,0.0,0.0,0.0
superfreakygirl,108,0.0,0.0,0.0
superman,222,0.0,0.0,0.0
superman2,333,0.0,0.0,0.0
superposition,170,0.0,0.0,0.0
supersonic,278,0.0,0.0,0.0
supersoniclive,237,0.0,0.0,0.0
superstition,265,0.0,0.0,0.0
surfingwiththealien,482,0.0,0.0,0.0
surrender,212,0.0,0.0,0.0
survive,276,0.0,0.0,0.0
susieq,215,0.0,0.0,0.0
swamped,220,0.0,0.0,0.0
sweaterweather,228,0.0,0.0,0.0
sweaterweather2,153,0.0,0.0,0.0
sweetemotion,265,0.0,0.0,0.0
sweethomealabamalive,490,0.0,0.0,0.0
sweetleaf,275,0.0,0.0,0.0
sweetness,221,0.0,0.0,0.0
sweetnessandlight,146,0.0,0.0,0.0
sweettalk,239,0.0,0.0,0.0
swing,293,0.0,0.0,0.0
symphonyofdestruction,301,0.0,0.0,0.0
synchronicity2,220,0.0,0.0,0.0
tailspin,267,0.0,0.0,0.0
taintedlove,118,0.0,0.0,0.0
takebackthecity,240,0.0,0.0,0.0
takeitoff,300,0.0,0.0,0.0
takeitontherun,251,0.0,0.0,0.0
takemeaway,230,0.0,0.0,0.0
takemehomecountry,223,0.0,0.0,0.0
takemeout,241,0.0,0.0,0.0
takemetochurch,116,0.0,0.0,0.0
takemetotheriver,162,0.0,0.0,0.0
takemybreathaway,273,0.0,0.0,0.0
takenoprisoners,465,0.0,0.0,0.0
takeonme,185,0.0,0.0,0.0
takeonme2,370,0.0,0.0,0.0
takethemoney,216,0.0,0.0,0.0
takethesechains,290,0.0,0.0,0.0
takewhatyouwant,345,0.0,0.0,0.0
takincareofbusiness,287,0.0,0.0,0.0
talkdirtytome,263,0.0,0.0,0.0
tame,140,0.0,0.0,0.0
tasteofregret,380,0.0,0.0,0.0
tearsdontfall,345,0.0,0.0,0.0
tedjustadmitit,288,0.0,0.0,0.0
teenagedirtbag,179,0.0,0.0,0.0
teenagelobotomy,245,0.0,0.0,0.0
teenagers,235,0.0,0.0,0.0
teenangst,204,0.0,0.0,0.0
tellherno,3,0.0,0.0,0.0
tellme,304,0.0,0.0,0.0
tellmebaby,240,0.0,0.0,0.0
tellmesomethinggood,229,0.0,0.0,0.0
tempted,129,0.0,0.0,0.0
tenementfunster,211,0.0,0.0,0.0
tennesseeflattopbox,292,0.0,0.0,0.0
tenspeed,275,0.0,0.0,0.0
terriblelie,75,0.0,0.0,0.0
territorialpissing,159,0.0,0.0,0.0
testify_srv,427,0.0,0.0,0.0
texasflood,358,0.0,0.0,0.0
thankgodforgirls,141,0.0,0.0,0.0
thankyou,180,0.0,0.0,0.0
thankyouboys,150,0.0,0.0,0.0
thashiznit,290,0.0,0.0,0.0
thatdontimpressmemuch,195,0.0,0.0,0.0
thatshowcountryboysroll,271,0.0,0.0,0.0
thatshowcountryboysroll2,271,0.0,0.0,0.0
thatshowiescaped,330,0.0,0.0,0.0
thatsmykindofnight,412,0.0,0.0,0.0
thatsthahomie,269,0.0,0.0,0.0
thatswhenireach,251,0.0,0.0,0.0
theadventure,230,0.0,0.0,0.0
theanimal,311,0.0,0.0,0.0
theanthem,213,0.0,0.0,0.0
thearmsofsorrow,316,0.0,0.0,0.0
thebadtouch,270,0.0,0.0,0.0
theballadofirahayes,200,0.0,0.0,0.0
thebanishment,368,0.0,0.0,0.0
thebest,225,0.0,0.0,0.0
thebirdandtheworm,267,0.0,0.0,0.0
thebitchisback,302,0.0,0.0,0.0
theblackparade,248,0.0,0.0,0.0
thebroken,357,0.0,0.0,0.0
thecall,205,0.0,0.0,0.0
thecardcheat,169,0.0,0.0,0.0
theclairvoyant,358,0.0,0.0,0.0
theclimb,169,0.0,0.0,0.0
thecomamachine,425,0.0,0.0,0.0
theconjuring,405,0.0,0.0,0.0
thecrystalship,170,0.0,0.0,0.0
thedayitriedtolive,228,0.0,0.0,0.0
thedevilini,315,0.0,0.0,0.0
thedevilwentdown,424,0.0,0.0,0.0
thedopeshow,159,0.0,0.0,0.0
thedownfallofusall,195,0.0,0.0,0.0
theedgeofglory,335,0.0,0.0,0.0
theend2,283,0.0,0.0,0.0
theendofheartache,328,0.0,0.0,0.0
theendofthegame,365,0.0,0.0,0.0
theentertainer,400,0.0,0.0,0.0
thefall,270,0.0,0.0,0.0
thefeeling,262,0.0,0.0,0.0
thefixer,224,0.0,0.0,0.0
theflood,272,0.0,0.0,0.0
thefoundationsofdecay,240,0.0,0.0,0.0
thefuneral,170,0.0,0.0,0.0
thegambler,243,0.0,0.0,0.0
thegame,272,0.0,0.0,0.0
thegangsallhere,345,0.0,0.0,0.0
thegoodleftundone,273,0.0,0.0,0.0
thegoodlife,264,0.0,0.0,0.0
thegreatescape,226,0.0,0.0,0.0
thegreatest,185,0.0,0.0,0.0
thegreatestman,225,0.0,0.0,0.0
thegreatsatan,480,0.0,0.0,0.0
thegreatsoutherntrendkill,409,0.0,0.0,0.0
thegreetingsong,275,0.0,0.0,0.0
thegunsofbrixton,239,0.0,0.0,0.0
theheartfromyourhate,415,0.0,0.0,0.0
theheartofrockandroll,210,0.0,0.0,0.0
thehills2,225,0.0,0.0,0.0
thejack_live,188,0.0,0.0,0.0
thejoker,207,0.0,0.0,0.0
thekidsarentalright,266,0.0,0.0,0.0
thekill,150,0.0,0.0,0.0
theleavingpt2,248,0.0,0.0,0.0
theliarsclub,245,0.0,0.0,0.0
thelocomotion,217,0.0,0.0,0.0
themanwhosoldtheworld,200,0.0,0.0,0.0
thembellyfull,270,0.0,0.0,0.0
thembones,275,0.0,0.0,0.0
themephistopheles,210,0.0,0.0,0.0
themetal,407,0.0,0.0,0.0
themiracle,225,0.0,0.0,0.0
themotherweshare,160,0.0,0.0,0.0
thenightthelightswentout,180,0.0,0.0,0.0
thenightthelightswentout2,180,0.0,0.0,0.0
theonlyexception,149,0.0,0.0,0.0
theonlytime,0,0.0,0.0,0.0
thepallbearerwalksalone,420,0.0,0.0,0.0
thepartysong,255,0.0,0.0,0.0
theperfectcrimeno2,185,0.0,0.0,0.0
thepowerofequality,250,0.0,0.0,0.0
thepretender,269,0.0,0.0,0.0
theprisoner,445,0.0,0.0,0.0
theragelive,290,0.0,0.0,0.0
thered,196,0.0,0.0,0.0
thereflex,260,0.0,0.0,0.0
thereforeiam,139,0.0,0.0,0.0
theregoesmygun,180,0.0,0.0,0.0
theresnootherway,316,0.0,0.0,0.0
therewasatime,415,0.0,0.0,0.0
therighteousandthewicked,257,0.0,0.0,0.0
therightprofile,221,0.0,0.0,0.0
therockshow,263,0.0,0.0,0.0
therunningfree,250,0.0,0.0,0.0
thescientist,125,0.0,0.0,0.0
thesedays,220,0.0,0.0,0.0
thesedaysfoo,245,0.0,0.0,0.0
thesehands,207,0.0,0.0,0.0
theshowmustgoon,254,0.0,0.0,0.0
thespiritofradiolive,420,0.0,0.0,0.0
thestranger,310,0.0,0.0,0.0
thestroke,209,0.0,0.0,0.0
thesummoning,260,0.0,0.0,0.0
thetasteofink,246,0.0,0.0,0.0
thethrillisgone,171,0.0,0.0,0.0
thetimeiswrong,280,0.0,0.0,0.0
thetitletrack,350,0.0,0.0,0.0
thetriumph,419,0.0,0.0,0.0
thetrooper,477,0.0,0.0,0.0
thewagon,278,0.0,0.0,0.0
thewaitinglive,198,0.0,0.0,0.0
thewaythatitshows,239,0.0,0.0,0.0
thewayyouusedtodo,275,0.0,0.0,0.0
theweight,241,0.0,0.0,0.0
thewickerman,390,0.0,0.0,0.0
thewind,448,0.0,0.0,0.0
thewindcriesmary,266,0.0,0.0,0.0
theyreredhot,350,0.0,0.0,0.0
theysay,90,0.0,0.0,0.0
thieves,349,0.0,0.0,0.0
thinkingemoji,322,0.0,0.0,0.0
thirdfloorstory,271,0.0,0.0,0.0
thirdstonefromthesun,308,0.0,0.0,0.0
thisafternoon,232,0.0,0.0,0.0
thisaintascene,235,0.0,0.0,0.0
thiscalling,364,0.0,0.0,0.0
thischarmingman,269,0.0,0.0,0.0
thiscitymadeus,280,0.0,0.0,0.0
thisilove,227,0.0,0.0,0.0
thisisacall,231,0.0,0.0,0.0
thisisexile,394,0.0,0.0,0.0
thisishowwedoit,145,0.0,0.0,0.0
thisisit,226,0.0,0.0,0.0
thisisthirteen,249,0.0,0.0,0.0
thisiswar,241,0.0,0.0,0.0
thisiswhy,275,0.0,0.0,0.0
thislove,274,0.0,0.0,0.0
thismeanswar,293,0.0,0.0,0.0
thisonesforthegirls,173,0.0,0.0,0.0
thnksfrthmmrs,229,0.0,0.0,0.0
thrasher,520,0.0,0.0,0.0
thrashunreal,174,0.0,0.0,0.0
threelittlebirds,217,0.0,0.0,0.0
threelives,525,0.0,0.0,0.0
throne,221,0.0,0.0,0.0
throughbeingcool,136,0.0,0.0,0.0
throughglass,245,0.0,0.0,0.0
throughthefireandflamesrb4,605,0.0,0.0,0.0
throughthenoise,375,0.0,0.0,0.0
throwingstones,249,0.0,0.0,0.0
thunder2,145,0.0,0.0,0.0
thunderandlightning,275,0.0,0.0,0.0
thunderbirdsarego,261,0.0,0.0,0.0
thunderkiss65,320,0.0,0.0,0.0
thunderstruck_live,310,0.0,0.0,0.0
tieyoudown,257,0.0,0.0,0.0
tieyourmotherdown,307,0.0,0.0,0.0
tightenup,169,0.0,0.0,0.0
timeaftertime,216,0.0,0.0,0.0
timebomb,313,0.0,0.0,0.0
timebomb2,320,0.0,0.0,0.0
timeforchange,201,0.0,0.0,0.0
timeforcrime,30,0.0,0.0,0.0
timeisrunningout,111,0.0,0.0,0.0
timesickson,265,0.0,0.0,0.0
timeslikethese,238,0.0,0.0,0.0
timetosaygoodbye,396,0.0,0.0,0.0
timewarp,240,0.0,0.0,0.0
tnt_live,252,0.0,0.0,0.0
tobewithyou,200,0.0,0.0,0.0
tomorrow,243,0.0,0.0,0.0
tomsawyer2,252,0.0,0.0,0.0
tomyromeo,222,0.0,0.0,0.0
tonight,200,0.0,0.0,0.0
tonightimgonna,319,0.0,0.0,0.0
tonighttonight,178,0.0,0.0,0.0
toomuchtimeonmyhands,254,0.0,0.0,0.0
torn,210,0.0,0.0,0.0
tornadoofsouls,457,0.0,0.0,0.0
tornintwo,315,0.0,0.0,0.0
totaleclipse,273,0.0,0.0,0.0
touchme,245,0.0,0.0,0.0
touchofgrey,262,0.0,0.0,0.0
tourniquet,301,0.0,0.0,0.0
towncalledmalice,280,0.0,0.0,0.0
toxicity,290,0.0,0.0,0.0
tragedy,212,0.0,0.0,0.0
tragickingdom,394,0.0,0.0,0.0
traininvain,105,0.0,0.0,0.0
trainwreck1979,228,0.0,0.0,0.0
transmaniaconmc,350,0.0,0.0,0.0
travellingband,296,0.0,0.0,0.0
treasure,180,0.0,0.0,0.0
treatmelikeyourmother,252,0.0,0.0,0.0
treatyoubetter,196,0.0,0.0,0.0
tribute,388,0.0,0.0,0.0
trippinonahole,339,0.0,0.0,0.0
trouble,369,0.0,0.0,0.0
troublecomesrunning,250,0.0,0.0,0.0
troublemaker,159,0.0,0.0,0.0
truckin,322,0.0,0.0,0.0
trueconfessional,219,0.0,0.0,0.0
trueconfessions,140,0.0,0.0,0.0
truthhitseverybody,240,0.0,0.0,0.0
tubthumping,150,0.0,0.0,0.0
tuesdaysgone,290,0.0,0.0,0.0
turningjapanese,275,0.0,0.0,0.0
tuttoepossibile,271,0.0,0.0,0.0
twang,282,0.0,0.0,0.0
twang2,282,0.0,0.0,0.0
tweezer,310,0.0,0.0,0.0
twilightofthethundergod,450,0.0,0.0,0.0
twoshots,240,0.0,0.0,0.0
twoticketstoparadise,275,0.0,0.0,0.0
twoweeks,378,0.0,0.0,0.0
tyler,250,0.0,0.0,0.0
typical,215,0.0,0.0,0.0
ultraviolet,275,0.0,0.0,0.0
umathurman,240,0.0,0.0,0.0
unbelievable,225,0.0,0.0,0.0
unchained,270,0.0,0.0,0.0
unclejohnsband,243,0.0,0.0,0.0
uncomfortable,350,0.0,0.0,0.0
undefeated,255,0.0,0.0,0.0
undercoverofdarkness,251,0.0,0.0,0.0
undergroundinamerica,350,0.0,0.0,0.0
undermywheelslive,426,0.0,0.0,0.0
underneathitall,179,0.0,0.0,0.0
underpressure,144,0.0,0.0,0.0
underpressure2,144,0.0,0.0,0.0
underthebridge,145,0.0,0.0,0.0
undone,142,0.0,0.0,0.0
unheavenlycreatures,284,0.0,0.0,0.0
unholyconfessions,313,0.0,0.0,0.0
unitedlive,128,0.0,0.0,0.0
unsainted,382,0.0,0.0,0.0
unskinnybop,340,0.0,0.0,0.0
unthoughtknown,194,0.0,0.0,0.0
untilifoundyou,180,0.0,0.0,0.0
untiltheend,250,0.0,0.0,0.0
upallnight,265,0.0,0.0,0.0
uparoundthebend,190,0.0,0.0,0.0
upfromtheskies,354,0.0,0.0,0.0
upinarms,255,0.0,0.0,0.0
upthebeach,184,0.0,0.0,0.0
uptowngirl,170,0.0,0.0,0.0
urgent,175,0.0,0.0,0.0
usblues,299,0.0,0.0,0.0
usedtolike,139,0.0,0.0,0.0
useit,166,0.0,0.0,0.0
useme,259,0.0,0.0,0.0
usesomebody,143,0.0,0.0,0.0
usuck,157,0.0,0.0,0.0
valleysofneptune,335,0.0,0.0,0.0
vanhorn,176,0.0,0.0,0.0
vengeanceismine,435,0.0,0.0,0.0
verdamplangher,250,0.0,0.0,0.0
vertigo,178,0.0,0.0,0.0
vinyl,285,0.0,0.0,0.0
visitor,229,0.0,0.0,0.0
vitalsigns,204,0.0,0.0,0.0
vivalagloria,216,0.0,0.0,0.0
vivalavida,192,0.0,0.0,0.0
voices,315,0.0,0.0,0.0
voicesinmyhead,180,0.0,0.0,0.0
volcano,230,0.0,0.0,0.0
voodoochildlive,415,0.0,0.0,0.0
wagonwheel2,304,0.0,0.0,0.0
waitandbleed,412,0.0,0.0,0.0
waitingforagirl,198,0.0,0.0,0.0
waitingfortheend,185,0.0,0.0,0.0
waitinginvain,192,0.0,0.0,0.0
waituntiltomorrow,409,0.0,0.0,0.0
wakemeup2,218,0.0,0.0,0.0
wakeupcall,132,0.0,0.0,0.0
wakeupdead,454,0.0,0.0,0.0
wakingthedemon,434,0.0,0.0,0.0
wakingupinvegas,200,0.0,0.0,0.0
walk,395,0.0,0.0,0.0
walkaway,249,0.0,0.0,0.0
walkfoo,195,0.0,0.0,0.0
walkingafteryou,240,0.0,0.0,0.0
walkingonthemoon,122,0.0,0.0,0.0
walklikeanegyptian,285,0.0,0.0,0.0
walkthisway,325,0.0,0.0,0.0
wanteddeadoralive2,315,0.0,0.0,0.0
wanttowantme,215,0.0,0.0,0.0
warmerthanhell,215,0.0,0.0,0.0
warnerve,308,0.0,0.0,0.0
warpigs,250,0.0,0.0,0.0
warrior,338,0.0,0.0,0.0
warriorsoftime,484,0.0,0.0,0.0
wars,221,0.0,0.0,0.0
warzone,346,0.0,0.0,0.0
wasteamoment,169,0.0,0.0,0.0
wastedagain,261,0.0,0.0,0.0
wastedyears,444,0.0,0.0,0.0
waylesssad,139,0.0,0.0,0.0
weaponofchoice,274,0.0,0.0,0.0
wearebetween,180,0.0,0.0,0.0
wearefamily,264,0.0,0.0,0.0
wearethechampions2,145,0.0,0.0,0.0
wearetheroadcrew,385,0.0,0.0,0.0
weareyoung,178,0.0,0.0,0.0
webelong,220,0.0,0.0,0.0
webuiltthiscity,418,0.0,0.0,0.0
wecarealot,190,0.0,0.0,0.0
wedidntstartthefire,196,0.0,0.0,0.0
wedieyoung,315,0.0,0.0,0.0
weightless,248,0.0,0.0,0.0
weightoftheworld,242,0.0,0.0,0.0
weirdscience,307,0.0,0.0,0.0
welcomehome2,241,0.0,0.0,0.0
welcomehome3,275,0.0,0.0,0.0
welcometomylife,176,0.0,0.0,0.0
welcometothefamily,408,0.0,0.0,0.0
wellthoughtouttwinkles,257,0.0,0.0,0.0
wereanamericanband,311,0.0,0.0,0.0
werenotgonnatakeit,181,0.0,0.0,0.0
wewerentborn,250,0.0,0.0,0.0
wewillrockyou2,95,0.0,0.0,0.0
whataboutlove,162,0.0,0.0,0.0
whatahorriblenight,458,0.0,0.0,0.0
whatdoesntkillyou2,199,0.0,0.0,0.0
whatdoyoumean,178,0.0,0.0,0.0
whatifiwasnothing,225,0.0,0.0,0.0
whatigot,261,0.0,0.0,0.0
whativedone2,167,0.0,0.0,0.0
whatmakesyoubeautiful,140,0.0,0.0,0.0
whatsitfeellike,262,0.0,0.0,0.0
whatsmyageagain,239,0.0,0.0,0.0
whatsthefrequencykenneth,212,0.0,0.0,0.0
whatsyourname,360,0.0,0.0,0.0
whatthehell,145,0.0,0.0,0.0
whatwasithinkin,303,0.0,0.0,0.0
whatyouknow,215,0.0,0.0,0.0
whatyouneed,168,0.0,0.0,0.0
whatyouwant,205,0.0,0.0,0.0
wheels,149,0.0,0.0,0.0
whenamigonnaloseyou,155,0.0,0.0,0.0
whenimgone,240,0.0,0.0,0.0
whenimgone2,303,0.0,0.0,0.0
whenlegendsrise,269,0.0,0.0,0.0
whenthecurtainfalls,401,0.0,0.0,0.0
whentheseasonschange,276,0.0,0.0,0.0
whenwewereyoung,275,0.0,0.0,0.0
whenyoureyoung,217,0.0,0.0,0.0
whereibelong,267,0.0,0.0,0.0
whereismymind,199,0.0,0.0,0.0
wheresgary,227,0.0,0.0,0.0
wheretheheartis,405,0.0,0.0,0.0
wherethestreetshavenoname,332,0.0,0.0,0.0
whereveryouwillgo,223,0.0,0.0,0.0
whitefalconfuzz,269,0.0,0.0,0.0
whiterabbit,134,0.0,0.0,0.0
whitetrashmillionaire,219,0.0,0.0,0.0
whiteunicorn,309,0.0,0.0,0.0
whoamiwhatsmyname,258,0.0,0.0,0.0
whoareyou,266,0.0,0.0,0.0
whodoyoulove,221,0.0,0.0,0.0
whoknew,180,0.0,0.0,0.0
wholelottarosie_live,320,0.0,0.0,0.0
whollstoptherain,216,0.0,0.0,0.0
whosaysyoucantgohome,231,0.0,0.0,0.0
whosgoinghome,190,0.0,0.0,0.0
whosyourdaddy,235,0.0,0.0,0.0
whosyourlover,200,0.0,0.0,0.0
whycantwebefriends,330,0.0,0.0,0.0
whydoyouloveme,225,0.0,0.0,0.0
whygo,347,0.0,0.0,0.0
wickedgarden,177,0.0,0.0,0.0
wildchild,210,0.0,0.0,0.0
wildthing,20,0.0,0.0,0.0
wilsonlive,298,0.0,0.0,0.0
windmeup,258,0.0,0.0,0.0
windup,252,0.0,0.0,0.0
wingsofabutterfly,166,0.0,0.0,0.0
wishyouwerehere,202,0.0,0.0,0.0
witchhunt,205,0.0,0.0,0.0
withoutyou,193,0.0,0.0,0.0
wolflikeme,206,0.0,0.0,0.0
woman,362,0.0,0.0,0.0
women,286,0.0,0.0,0.0
wonderwall,260,0.0,0.0,0.0
wontgohomewithoutyou,183,0.0,0.0,0.0
wontstanddown,260,0.0,0.0,0.0
wordforward,174,0.0,0.0,0.0
workingfortheweekend,210,0.0,0.0,0.0
workingman,400,0.0,0.0,0.0
workingman2,320,0.0,0.0,0.0
worldgoround,254,0.0,0.0,0.0
worldturning,390,0.0,0.0,0.0
worstday,225,0.0,0.0,0.0
would,244,0.0,0.0,0.0
wouldyougowithme,324,0.0,0.0,0.0
wouldyoustillbethere,215,0.0,0.0,0.0
wreckingmachine,383,0.0,0.0,0.0
writingonthewall,280,0.0,0.0,0.0
wrongemboyo,204,0.0,0.0,0.0
wrongsideofheaven,330,0.0,0.0,0.0
wrongway,265,0.0,0.0,0.0
yellow,173,0.0,0.0,0.0
yerbatero,231,0.0,0.0,0.0
yomp,184,0.0,0.0,0.0
youandme,178,0.0,0.0,0.0
youcandoit,299,0.0,0.0,0.0
youdonthavetobeoldlive,257,0.0,0.0,0.0
youdontknowwhatloveis,212,0.0,0.0,0.0
yougiveloveabadname2,258,0.0,0.0,0.0
yougotanotherthingcoming,140,0.0,0.0,0.0
yougotit,210,0.0,0.0,0.0
yougotmefloatin,368,0.0,0.0,0.0
youknowyoureright,230,0.0,0.0,0.0
youmakemefeel,262,0.0,0.0,0.0
youmakemydreams,168,0.0,0.0,0.0
youmayberight,254,0.0,0.0,0.0
young,155,0.0,0.0,0.0
youngamericans,306,0.0,0.0,0.0
youngblood,210,0.0,0.0,0.0
youngblood2,250,0.0,0.0,0.0
youngerbums,195,0.0,0.0,0.0
youngmanblues,365,0.0,0.0,0.0
yourbetrayal,400,0.0,0.0,0.0
yourdecision,190,0.0,0.0,0.0
yourealligot,230,0.0,0.0,0.0
youregonnagofarkid,179,0.0,0.0,0.0
youregonnahearfromme,353,0.0,0.0,0.0
youremybestfriend,200,0.0,0.0,0.0
yourenorocknrollfun,175,0.0,0.0,0.0
yourethebest,240,0.0,0.0,0.0
yourtouch,186,0.0,0.0,0.0
youshookme_live,138,0.0,0.0,0.0
youshouldbedancing,303,0.0,0.0,0.0
youshouldbedancing2,270,0.0,0.0,0.0
youthofthenation,185,0.0,0.0,0.0
yyz,320,0.0,0.0,0.0
zero,283,0.0,0.0,0.0
ziggystardust,261,0.0,0.0,0.0
zombie,177,0.0,0.0,0.0
